latitude,longitude
38.648874818391135,-90.134458641026
38.64887651277892,-90.13445921748726
38.64887824411577,-90.13445977295736
38.648880014198376,-90.13446030428516
38.64888182284541,-90.13446080924837
38.64888366760017,-90.1344612868557
38.648885543614654,-90.13446173755524
38.6488874437669,-90.13446216331002
38.64888935904102,-90.13446256751376
38.648891279160985,-90.1344629547399
38.64889319341904,-90.13446333034636
38.648895091589914,-90.13446369998812
38.64889696479491,-90.13446406911012
38.648898806190715,-90.13446444249298
38.648900611400336,-90.13446482390694
38.64890237865763,-90.13446521590278
38.64890410868424,-90.13446561974509
38.648905804349944,-90.134466035473
38.64890747018452,-90.13446646206332
38.64890911181324,-90.13446689766327
38.64891073538264,-90.1344673398612
38.648912347031306,-90.13446778596492
38.64891395244584,-90.13446823326352
38.64891555652554,-90.13446867925389
38.64891716316536,-90.13446912182008
38.64891877515342,-90.1344695593598
38.64892039417047,-90.13446999085645
38.648922020872256,-90.1344704158996
38.64892365503291,-90.1344708346596
38.648925295727125,-90.13447124782262
38.64892694153072,-90.13447165649444
38.64892859072227,-90.13447206208151
38.648930241472314,-90.13447246615743
38.64893189201008,-90.134472870325
38.64893354076087,-90.13447327608375
38.64893518644946,-90.13447368471434
38.64893682816649,-90.13447409719105
38.648938465397535,-90.13447451413128
38.64894009801681,-90.13447493578572
38.64894172625118,-90.13447536206702
38.64894335062165,-90.13447579260904
38.64894497187069,-90.13447622684583
38.64894659088336,-90.13447666409796
38.64894820860908,-90.13447710365472
38.648949825989575,-90.13447754484342
38.648951443897445,-90.1344779870792
38.64895306308822,-90.13447842989471
38.64895468416794,-90.13447887295038
38.6489563075764,-90.13447931602896
38.648957933584974,-90.13447975901865
38.6489595623064,-90.1344802018883
38.64896119371324,-90.1344806446583
38.64896282766146,-90.13448108737002
38.64896446391593,-90.13448153005618
38.648966102175336,-90.1344819727145
38.64896774209459,-90.1344824152863
38.64896938330414,-90.1344828576419
38.64897102542602,-90.13448329957392
38.64897266808735,-90.13448374079952
38.64897431093229,-90.13448418097197
38.64897595363354,-90.13448461970124
38.64897759590432,-90.134485056583
38.648979237511256,-90.1344854912334
38.648980878287944,-90.134485923328
38.64898251814832,-90.13448635264008
38.648984157098035,-90.13448677907483
38.64898579524176,-90.1344872026944
38.648987432784054,-90.1344876237293
38.6489890700216,-90.13448804257315
38.64899070732596,-90.1344884597587
38.64899234511725,-90.13448887591689
38.64899398383144,-90.13448929172364
38.648995623885426,-90.13448970784154
38.64899726564467,-90.13449012486468
38.64899890939738,-90.1344905432736
38.649000555338,-90.1344909634052
38.649002203560784,-90.13449138543912
38.64900385406288,-90.1344918093998
38.64900550675525,-90.13449223517225
38.6490071614791,-90.13449266252704
38.64900881802518,-90.13449309115111
38.6490104761538,-90.13449352068004
38.64901213561333,-90.13449395072875
38.64901379615611,-90.13449438091824
38.649015457550696,-90.1344948108965
38.64901711959047,-90.1344952403536
38.64901878209886,-90.13449566903084
38.64902044493182,-90.1344960967248
38.64902210797843,-90.13449652328798
38.64902377116056,-90.13449694862692
38.64902543443236,-90.1344973726994
38.64902709778025,-90.13449779551156
38.64902876122349,-90.1344982171158
38.64903042481551,-90.13449863760954
38.64903208864528,-90.13449905713422
38.64903375283828,-90.13449947587436
38.6490354175559,-90.13449989405498
38.64903708299245,-90.13450031193685
38.64903874936881,-90.13450072980784
38.649040416922055,-90.13450114797018
38.649042085890954,-90.13450156672268
38.64904375649762,-90.13450198633888
38.64904542892641,-90.13450240704208
38.649047103301776,-90.13450282897922
38.649048779667595,-90.13450325219686
38.64905045797066,-90.13450367662222
38.64905213805138,-90.13450410205328
38.649053819644514,-90.13450452816087
38.649055502391505,-90.13450495450508
38.6490571858647,-90.1345053805658
38.64905886960129,-90.1345058057848
38.64906055314264,-90.13450622961426
38.64906223607306,-90.13450665156373
38.64906391805267,-90.13450707123974
38.64906559884044,-90.13450748837272
38.64906727830555,-90.13450790282964
38.64906895642788,-90.1345083146127
38.64907063328885,-90.13450872384664
38.64907230905541,-90.13450913075752
38.64907398395965,-90.1345095356466
38.64907565827663,-90.13450993886228
38.649077332302305,-90.13451034077264
38.64907900633316,-90.1345107417407
38.64908068064839,-90.1345111421034
38.64908235549498,-90.13451154215451
38.6490840310759,-90.13451194213212
38.64908570754108,-90.13451234220962
38.64908738498118,-90.13451274249068
38.64908906342385,-90.13451314300706
38.64909074283276,-90.13451354371978
38.64909242310944,-90.13451394452316
38.64909410409853,-90.13451434525228
38.649095785596565,-90.13451474569392
38.64909746736471,-90.13451514560096
38.649099149144966,-90.13451554471015
38.64910083067889,-90.13451594276174
38.64910251172717,-90.13451633951946
38.64910419208788,-90.13451673478896
38.64910587161158,-90.13451712843214
38.64910755021173,-90.13451752037692
38.64910922786987,-90.13451791062114
38.64911090463509,-90.1345182992307
38.64911258061816,-90.13451868633256
38.64911425598073,-90.13451907210283
38.64911593092055,-90.13451945675126
38.64911760565415,-90.1345198405034
38.64911928039864,-90.13452022358244
38.64912095535482,-90.13452060619257
38.64912263069293,-90.13452098850529
38.64912430654247,-90.13452137065003
38.649125982986,-90.1345217527088
38.64912766005688,-90.13452213471494
38.649129337740106,-90.1345225166552
38.6491310159756,-90.13452289847382
38.649132694663,-90.1345232800785
38.64913437366755,-90.13452366134696
38.64913605282655,-90.13452404213392
38.64913773195644,-90.13452442227856
38.64913941086042,-90.13452480161158
38.64914108933685,-90.13452517996316
38.64914276718861,-90.13452555717096
38.64914444423336,-90.13452593308868
38.64914612031468,-90.13452630759484
38.64914779531331,-90.13452668060188
38.64914946915781,-90.13452705206396
38.64915114183343,-90.13452742198363
38.64915281338771,-90.13452779041567
38.64915448393147,-90.13452815746685
38.64915615363415,-90.1345285232914
38.64915782271272,-90.13452888808118
38.64915949141512,-90.13452925205152
38.649161159999615,-90.13452961542376
38.64916282871285,-90.13452997840716
38.649164497769625,-90.13453034118226
38.649166167336794,-90.13453070388788
38.649167837522995,-90.13453106661314
38.64916950837468,-90.13453142939474
38.649171179878145,-90.1345317922193
38.64917285196652,-90.13453215502966
38.64917452453022,-90.1345325177342
38.64917619742939,-90.1345328802176
38.649177870506875,-90.13453324235194
38.649179543600304,-90.13453360400696
38.64918121655268,-90.134533965059
38.64918288922059,-90.13453432539777
38.64918456148016,-90.13453468493094
38.64918623323046,-90.13453504358684
38.649187904395,-90.13453540131508
38.64918957492152,-90.13453575808568
38.64919124478066,-90.13453611388732
38.6491929139639,-90.13453646872468
38.64919458248125,-90.13453682261562
38.64919625035879,-90.13453717558828
38.64919791763633,-90.1345375276784
38.649199584365064,-90.13453787892668
38.64920125060515,-90.13453822937656
38.64920291642294,-90.13453857907204
38.649204581887744,-90.13453892805536
38.64920624706794,-90.13453927636502
38.649207912026235,-90.13453962403332
38.64920957681439,-90.13453997108395
38.649211241467526,-90.13454031752958
38.64921290599847,-90.13454066336966
38.64921457039293,-90.13454100858878
38.649216234606186,-90.13454135315578
38.64921789856203,-90.13454169702425
38.6492195621548,-90.1345420401343
38.64922122525471,-90.1345423824162
38.649222887716576,-90.13454272379528
38.64922454939093,-90.13454306419806
38.64922621013622,-90.13454340355842
38.64922786983021,-90.13454374182328
38.64922952837895,-90.13454407895648
38.64923118572216,-90.13454441494076
38.6492328418347,-90.13454474977756
38.64923449672446,-90.1345450834848
38.64923615042725,-90.1345454160932
38.64923780299978,-90.13454574764172
38.64923945451165,-90.13454607817263
38.64924110503727,-90.13454640772684
38.64924275464861,-90.13454673633991
38.6492444034091,-90.13454706403918
38.6492460513693,-90.13454739084187
38.64924769856433,-90.13454771675484
38.649249345012976,-90.13454804177528
38.64925099071852,-90.13454836589273
38.64925263567069,-90.13454868909166
38.649254279848655,-90.13454901135503
38.64925592322451,-90.13454933266748
38.64925756576702,-90.13454965301864
38.64925920744504,-90.13454997240562
38.649260848230625,-90.13455029083488
38.64926248810132,-90.1345506083225
38.64926412704155,-90.13455092489347
38.6492657650431,-90.13455124057968
38.64926740210457,-90.13455155541676
38.64926903823006,-90.13455186944051
38.64927067342712,-90.13455218268317
38.64927230770431,-90.1345524951696
38.649273941068685,-90.1345528069144
38.64927557352338,-90.13455311791986
38.64927720506566,-90.13455342817473
38.64927883568562,-90.13455373765464
38.64928046536572,-90.13455404632352
38.64928209408115,-90.13455435413633
38.64928372180096,-90.13455466104224
38.64928534848974,-90.13455496698865
38.649286974109735,-90.13455527192478
38.64928859862312,-90.13455557580522
38.649290221994384,-90.13455587859276
38.64929184419265,-90.13455618026089
38.64929346519406,-90.13455648079564
38.649295084983834,-90.1345567801972
38.64929670355821,-90.13455707848088
38.649298320925915,-90.13455737567756
38.649299937109085,-90.13455767183366
38.64930155214335,-90.13455796701028
38.64930316607695,-90.1345582612812
38.64930477896866,-90.13455855473008
38.64930639088453,-90.13455884744612
38.64930800189325,-90.13455913951864
38.64930961206059,-90.13455943103068
38.64931122144297,-90.13455972205185
38.64931283008094,-90.13456001263128
38.64931443799307,-90.13456030279104
38.649316045171105,-90.13456059252124
38.64931765157723,-90.13456088177767
38.64931925714398,-90.13456117048244
38.64932086177743,-90.13456145852832
38.64932246536323,-90.13456174578644
38.649324067775055,-90.13456203211646
38.64932566888428,-90.13456231737814
38.6493272685693,-90.1345626014421
38.649328866723664,-90.13456288419913
38.64933046326184,-90.13456316556658
38.649332058122546,-90.13456344549166
38.649333651269565,-90.13456372395171
38.64933524269041,-90.13456400095208
38.649336832393544,-90.13456427652184
38.64933842040461,-90.13456455070887
38.649340006762365,-90.13456482357438
38.64934159151481,-90.13456509518753
38.649343174715725,-90.134565365621
38.649344756421776,-90.13456563494734
38.6493463366903,-90.13456590323614
38.649347915577344,-90.13456617055192
38.64934949313587,-90.13456643695268
38.64935106941381,-90.13456670248824
38.64935264445164,-90.13456696719898
38.64935421827932,-90.13456723111376
38.64935579091263,-90.13456749424752
38.64935736234887,-90.13456775659864
38.64935893256243,-90.13456801814569
38.64936050150058,-90.13456827884472
38.64936206908015,-90.13456853862704
38.64936363518595,-90.13456879739825
38.649365199671465,-90.13456905503926
38.649366762362654,-90.13456931140962
38.64936832306513,-90.13456956635368
38.649369881574984,-90.13456981970968
38.64937143769279,-90.1345700713212
38.6493729912402,-90.13457032105114
38.64937454207756,-90.13457056879584
38.649376090121045,-90.1345708144992
38.64937763535691,-90.13457105816404
38.64937917785077,-90.13457129985925
38.64938071774958,-90.13457153972094
38.64938225527507,-90.13457177794632
38.649383790708136,-90.13457201478018
38.64938532436542,-90.13457225049484
38.649386856571255,-90.13457248536665
38.649388387628925,-90.13457271965186
38.64938991779517,-90.1345729535658
38.64939144726102,-90.1345731872672
38.64939297614013,-90.13457342084932
38.64939450446485,-90.13457365433746
38.64939603218887,-90.13457388769208
38.649397559195215,-90.13457412081644
38.64939908530784,-90.134574353567
38.649400610305406,-90.13457458576556
38.64940213393611,-90.13457481721191
38.6494036559326,-90.1345750476966
38.64940517602666,-90.13457527701232
38.64940669396324,-90.13457550496553
38.64940820951381,-90.13457573138604
38.64940972248891,-90.13457595613646
38.6494112327497,-90.13457617912005
38.64941274021786,-90.1345764002874
38.64941424488336,-90.13457661964128
38.649415746808835,-90.1345768372389
38.6494172461297,-90.13457705319108
38.64941874304884,-90.13457726765743
38.649420237825176,-90.1345774808374
38.649421730756295,-90.13457769295675
38.64942322215603,-90.13457790425085
38.64942471232926,-90.13457811494597
38.64942620154658,-90.1345783252408
38.649427690021746,-90.13457853529012
38.649429177893886,-90.13457874519209
38.649430665216215,-90.1345789549804
38.64943215195197,-90.13457916462195
38.649433637978056,-90.13457937401972
38.64943512309622,-90.13457958302148
38.64943660705094,-90.13457979143313
38.649438089552454,-90.13457999903548
38.64943957030249,-90.13458020560329
38.64944104901986,-90.13458041092376
38.64944252546346,-90.13458061481316
38.64944399945073,-90.13458081713028
38.649445470870965,-90.13458101778578
38.64944693969335,-90.13458121674812
38.64944840597017,-90.13458141404573
38.649449869835955,-90.13458160976622
38.649451331502995,-90.13458180405333
38.649452791253665,-90.1345819971011
38.64945424942972,-90.13458218914644
38.649455706418465,-90.13458238045898
38.64945716263561,-90.13458257132902
38.64945861850495,-90.1345827620528
38.64946007443494,-90.13458295291584
38.64946153079308,-90.13458314417456
38.64946298787939,-90.13458333603737
38.64946444590107,-90.13458352864622
38.64946590495093,-90.13458372206136
38.64946736499274,-90.13458391625052
38.6494688258563,-90.13458411108536
38.64947028724489,-90.13458430634653
38.64947174875595,-90.13458450173852
38.64947320991414,-90.13458469691304
38.64947467021315,-90.13458489149902
38.64947612916082,-90.13458508513467
38.649477586321474,-90.13458527749803
38.64947904135018,-90.13458546833137
38.64948049401547,-90.1345856574575
38.6494819442093,-90.13458584478724
38.64948339194481,-90.1345860303178
38.64948483734402,-90.13458621412424
38.64948628061812,-90.13458639634568
38.64948772204371,-90.13458657716842
38.64948916193781,-90.1345867568086
38.64949060063423,-90.13458693549538
38.64949203846317,-90.13458711345672
38.64949347573499,-90.13458729090804
38.64949491272872,-90.13458746804396
38.64949634968489,-90.13458764503332
38.649497786802094,-90.13458782201646
38.64949922423625,-90.13458799910426
38.649500662101495,-90.13458817637829
38.64950210047172,-90.13458835389098
38.64950353938203,-90.1345885316658
38.64950497882963,-90.13458870969664
38.6495064187742,-90.13458888794692
38.649507859137984,-90.13458906634868
38.64950929980635,-90.13458924480182
38.64951074062965,-90.13458942317504
38.64951218142747,-90.13458960130858
38.649513621996,-90.13458977902008
38.64951506211936,-90.13458995611369
38.64951650158488,-90.13459013239284
38.6495179402021,-90.13459030767636
38.6495193778242,-90.13459048181672
38.64952081437017,-90.1345906547193
38.64952224984526,-90.13459082636015
38.64952368435666,-90.1345909968002
38.64952511812145,-90.13459116619292
38.6495265514642,-90.13459133478356
38.64952798480235,-90.13459150289786
38.64952941861955,-90.1345916709208
38.649530853429304,-90.13459183926676
38.649532289733514,-90.13459200834517
38.649533727982366,-90.13459217852674
38.64953516854104,-90.13459235011504
38.64953661166744,-90.1345925233267
38.649538057502475,-90.13459269828196
38.64953950607224,-90.13459287500476
38.649540957300346,-90.13459305343136
38.64954241102728,-90.13459323342474
38.649543867034104,-90.13459341479304
38.649545325067415,-90.13459359730916
38.64954678486341,-90.13459378073028
38.649548246169175,-90.13459396481568
38.64954970876032,-90.13459414934192
38.64955117245418,-90.1345943341154
38.6495526371188,-90.13459451898176
38.6495541026778,-90.13459470383276
38.649555569111634,-90.13459488861032
38.6495570364558,-90.13459507330862
38.64955850479625,-90.13459525797352
38.64955997426259,-90.13459544269983
38.649561445019074,-90.13459562762615
38.64956291725383,-90.13459581292686
38.64956439116643,-90.13459599880136
38.64956586695439,-90.13459618546123
38.649567344799415,-90.13459637311544
38.649568824854654,-90.1345965619554
38.64957030723409,-90.13459675214148
38.649571792005176,-90.13459694379225
38.649573279185326,-90.13459713697726
38.64957476874227,-90.1345973317144
38.64957626059803,-90.1345975279712
38.649577754635935,-90.13459772567045
38.64957925070988,-90.134597924699
38.649580748655026,-90.1345981249198
38.64958224829887,-90.13459832618484
38.64958374947166,-90.13459852834904
38.649585252015264,-90.1345987312824
38.64958675578965,-90.13459893488
38.649588260676744,-90.13459913906875
38.64958976658157,-90.13459934381098
38.649591273431135,-90.1345995491046
38.649592781171485,-90.13459975498122
38.649594289763535,-90.13459996150227
38.649595799178435,-90.13460016875392
38.64959730939277,-90.13460037684156
38.64959882038428,-90.134600585884
38.64960033212822,-90.13460079600785
38.649601844594656,-90.134601007342
38.649603357746656,-90.13460122001212
38.649604871539445,-90.1346014341355
38.64960638592027,-90.13460164981564
38.64960790082898,-90.13460186713723
38.649609416198984,-90.13460208616137
38.6496109319585,-90.13460230692122
38.64961244803194,-90.13460252941944
38.64961396434126,-90.1346027536267
38.64961548080726,-90.13460297948296
38.64961699735066,-90.13460320690145
38.64961851389305,-90.1346034357754
38.64962003035758,-90.1346036659876
38.64962154666944,-90.13460389742104
38.64962306275604,-90.1346041299702
38.64962457854691,-90.13460436355088
38.649626093973446,-90.13460459810749
38.649627608968416,-90.13460483361727
38.64962912346543,-90.13460507009104
38.64963063739852,-90.13460530757068
38.649632150701784,-90.1346055461243
38.64963366330936,-90.13460578583948
38.64963517515564,-90.13460602681558
38.649636686175775,-90.13460626915594
38.64963819630644,-90.13460651296084
38.649639705486706,-90.13460675832118
38.64964121365891,-90.13460700531417
38.64964272076938,-90.13460725400012
38.649644226768785,-90.13460750442152
38.64964573161197,-90.13460775660344
38.649647235257056,-90.13460801055564
38.64964873766383,-90.13460826627598
38.649650238791246,-90.13460852375462
38.649651738594194,-90.1346087829792
38.64965323701974,-90.1346090439401
38.64965473400292,-90.13460930663574
38.64965622946275,-90.13460957107732
38.64965772329865,-90.1346098372928
38.64965921538797,-90.1346101053295
38.64966070558509,-90.13461037525522
38.649662193722534,-90.13461064715736
38.64966367961448,-90.13461092114008
38.649665163062835,-90.13461119731927
38.64966664386571,-90.13461147581584
38.64966812182794,-90.13461175674712
38.649669596772945,-90.13461204021768
38.64967106855458,-90.13461232630996
38.64967253706802,-90.13461261507577
38.64967400225779,-90.13461290652998
38.649675464121714,-90.13461320064746
38.64967692270953,-90.13461349736382
38.649678378115695,-90.1346137965806
38.6496798304668,-90.13461409817462
38.64968127990531,-90.13461440200996
38.649682726571626,-90.13461470795136
38.64968417058712,-90.1346150158768
38.649685612039775,-90.13461532568834
38.64968705097347,-90.13461563732017
38.64968848738132,-90.1346159507435
38.649689921202736,-90.13461626596876
38.649691352323806,-90.13461658304524
38.649692780580416,-90.1346169020583
38.64969420576367,-90.13461722312532
38.64969562762723,-90.13461754638976
38.64969704589654,-90.1346178720141
38.64969846027968,-90.13461820017169
38.649699870480035,-90.13461853103746
38.64970127621049,-90.13461886477786
38.649702677208936,-90.13461920154012
38.6497040732543,-90.13461954144157
38.649705464182304,-90.13461988455931
38.64970684989937,-90.13462023092198
38.64970823039311,-90.13462058050368
38.649709605737534,-90.13462093322204
38.64971097609133,-90.13462128894136
38.64971234168789,-90.134621647481
38.64971370281706,-90.13462200862976
38.649715059799355,-90.13462237216476
38.64971641295537,-90.13462273787346
38.649717762573474,-90.13462310557598
38.649719108879474,-90.13462347514556
38.64972045201115,-90.134623846525
38.64972179199992,-90.13462421973765
38.649723128761245,-90.13462459489222
38.64972446209487,-90.1346249721807
38.64972579169518,-90.13462535186962
38.64972711717107,-90.13462573428514
38.649728438073694,-90.13462611979368
38.64972975392924,-90.13462650877943
38.64973106427309,-90.13462690162189
38.64973236868203,-90.13462729867462
38.64973366680227,-90.13462770024792
38.64973495837174,-90.13462810659496
38.64973624323656,-90.13462851790212
38.64973752136176,-90.13462893428314
38.64973879283659,-90.13462935577668
38.6497400578746,-90.13462978234698
38.64974131680843,-90.1346302138876
38.64974257007862,-90.13463065022842
38.64974381821604,-90.1346310911461
38.64974506181704,-90.1346315363786
38.64974630151127,-90.13463198564357
38.649747537922195,-90.13463243866096
38.6497487716219,-90.13463289517878
38.64975000308263,-90.13463335500091
38.64975123262873,-90.13463381801463
38.64975246039418,-90.13463428421557
38.64975368629115,-90.13463475372605
38.649754909995565,-90.13463522680456
38.64975613095417,-90.13463570384263
38.64975734841572,-90.13463618534826
38.64975856148476,-90.13463667191616
38.64975976919217,-90.13463716418852
38.649760970573126,-90.13463766281096
38.64976216474169,-90.13463816839032
38.64976335095261,-90.13463868145926
38.64976452864427,-90.13463920245115
38.64976569746024,-90.13463973168696
38.64976685725015,-90.13464026937312
38.64976800805357,-90.13464081560898
38.6497691500713,-90.13464137040089
38.64977028362954,-90.13464193367987
38.649771409141906,-90.13464250532051
38.649772527073246,-90.13464308515856
38.64977363790824,-90.13464367300622
38.64977474212606,-90.13464426866445
38.649775840181384,-90.13464487193248
38.649776932490674,-90.1346454826158
38.649778019422115,-90.1346461005334
38.6497791012871,-90.13464672552632
38.64978017833118,-90.13464735746832
38.64978125072294,-90.1346479962799
38.649782318540026,-90.13464864194565
38.64978338175234,-90.13464929453448
38.64978444020379,-90.13464995422112
38.64978549359489,-90.1346506213068
38.64978654146944,-90.13465129623542
38.64978758320908,-90.13465197960264
38.6497886180396,-90.1346526721535
38.64978964505248,-90.13465337476596
38.64979066324398,-90.1346540884179
38.649791671572494,-90.13465481413732
38.64979266903258,-90.13465555293654
38.64979365474147,-90.13465630573435
38.649794628031145,-90.13465707327232
38.64979558853638,-90.13465785603329
38.64979653626761,-90.1346586541724
38.64979747165625,-90.13465946747178
38.64979839556164,-90.13466029532827
38.649799309231874,-90.1346611367824
38.64980021421702,-90.13466199058944
38.649801112242095,-90.13466285532778
38.64980200505603,-90.13466372953005
38.6498028942787,-90.13466461181852
38.64980378126729,-90.13466550102584
38.64980466701757,-90.13466639628749
38.64980555210701,-90.13466729709938
38.64980643667944,-90.1346682033403
38.64980732046595,-90.13466911526284
38.6498082028335,-90.13467003345998
38.64980908285229,-90.1346709588138
38.64980995937364,-90.13467189243322
38.64981083111122,-90.13467283558612
38.64981169672112,-90.13467378962892
38.64981255487755,-90.13467475593647
38.64981340434292,-90.1346757358329
38.649814244031475,-90.13467673052388
38.64981507306655,-90.13467774103172
38.649815890830375,-90.13467876813382
38.649816697004965,-90.1346798123086
38.6498174916011,-90.1346808736918
38.649818274971565,-90.13468195204965
38.64981904780405,-90.13468304677444
38.649819811089515,-90.1346841569086
38.64982056606339,-90.1346852812004
38.64982131412021,-90.134686418192
38.64982205670694,-90.13468756633368
38.649822795205075,-90.13468872411366
38.64982353081425,-90.13468989018872
38.64982426444998,-90.13469106350138
38.64982499666522,-90.1346922433721
38.64982572760224,-90.13469342955862
38.64982645697813,-90.13469462227796
38.64982718410496,-90.134695822189
38.64982790794319,-90.134697030337
38.64982862718408,-90.13469824806371
38.649829340353335,-90.13469947689237
38.649830045924965,-90.1347007183997
38.649830742432826,-90.1347019740896
38.64983142856866,-90.13470324528151
38.64983210325968,-90.13470453302207
38.64983276572281,-90.13470583802288
38.64983341549693,-90.1347071606238
38.64983405245635,-90.13470850077758
38.6498346768096,-90.1347098580514
38.64983528908691,-90.13471123164167
38.64983589011873,-90.13471262039909
38.64983648100562,-90.13471402286385
38.64983706307866,-90.13471543731204
38.64983763784822,-90.1347168618156
38.6498382069388,-90.13471829431822
38.649838772008096,-90.13471973272968
38.64983933465045,-90.13472117503818
38.64983989628714,-90.13472261943738
38.649840458049425,-90.13472406446178
38.64984102066353,-90.1347255091192
38.649841584350014,-90.13472695300628
38.64984214875207,-90.13472839639002
38.64984271290725,-90.13472984023856
38.64984327527468,-90.13473128618756
38.64984383382363,-90.13473273643532
38.64984438617943,-90.1347341935718
38.64984492981115,-90.13473566035948
38.64984546223614,-90.13473713949529
38.64984598121342,-90.13473863338602
38.64984648490145,-90.13474014396591
38.64984697196456,-90.13474167257432
38.64984744162182,-90.13474321990051
38.64984789364131,-90.134744785993
38.64984832828863,-90.13474637032182
38.64984874624292,-90.13474797187932
38.64984914849428,-90.1347495893026
38.64984953623626,-90.13475122100203
38.64984991076423,-90.13475286528256
38.64985027338765,-90.13475452044857
38.649850625360465,-90.13475618488717
38.64985096783052,-90.13475785712788
38.649851301806066,-90.1347595358812
38.649851628135345,-90.13476122006004
38.64985194749415,-90.13476290878953
38.64985226037613,-90.1347646014114
38.64985256708156,-90.13476629748791
38.64985286770156,-90.13476799680906
38.649853162097266,-90.13476969940416
38.64985344987535,-90.1347714055574
38.649853730364214,-90.1347731158233
38.64985400259645,-90.13477483103706
38.649854265305066,-90.1347765523127
38.64985451694094,-90.13477828102178
38.64985475571823,-90.13478001874611
38.64985497969254,-90.13478176720014
38.64985518687317,-90.13478352812108
38.64985537536645,-90.1347853031306
38.64985554354202,-90.13478709357528
38.649855690208454,-90.13478890035918
38.64985581477983,-90.13479072378684
38.649855917411095,-90.13479256343764
38.64985599907875,-90.13479441809407
38.64985606158584,-90.13479628574449
38.64985610747653,-90.13479816367322
38.6498561398582,-90.1348000486402
38.64985616214599,-90.13480193713409
38.649856177762175,-90.13480382566684
38.649856189834104,-90.13480571106658
38.64985620093277,-90.13480759072748
38.64985621288237,-90.13480946278742
38.6498562266548,-90.13481132622044
38.649856242348534,-90.13481318084534
38.64985625924105,-90.13481502726262
38.649856275898415,-90.13481686673612
38.64985629032378,-90.1348187010393
38.64985630012773,-90.13482053228324
38.649856302706,-90.13482236274184
38.64985629541355,-90.13482419468536
38.64985627572758,-90.1348260302302
38.64985624139429,-90.13482787120948
38.64985619055654,-90.13482971906711
38.649856121859415,-90.13483157477658
38.649856034530984,-90.13483343878563
38.649855928433986,-90.13483531098906
38.649855804083394,-90.1348371907312
38.649855662624056,-90.13483907684191
38.64985550576342,-90.13484096770762
38.64985533565706,-90.13484286137812
38.64985515474978,-90.1348447557054
38.64985496558291,-90.13484664850505
38.649854770585584,-90.1348485377252
38.64985457187241,-90.134850421605
38.64985437106861,-90.13485229880628
38.649854169178795,-90.1348541685058
38.649853966509355,-90.13485603044266
38.64985376264931,-90.13485788491737
38.649853556510166,-90.13485973274533
38.649853346421494,-90.13486157516824
38.64985313027421,-90.13486341373212
38.64985290569788,-90.13486525014297
38.64985267025341,-90.13486708611585
38.64985242161979,-90.1348689232338
38.64985215775663,-90.13487076283026
38.64985187703045,-90.13487260590396
38.64985157830076,-90.13487445306862
38.64985126096797,-90.13487630453528
38.64985092498912,-90.13487816012112
38.649850570868665,-90.1348800192787
38.64985019963046,-90.1348818811382
38.64984981277539,-90.13488374455824
38.649849412226125,-90.13488560818148
38.649849000257895,-90.1348874704938
38.64984857941256,-90.13488932988716
38.64984815239238,-90.13489118472718
38.64984772193114,-90.13489303342678
38.64984729064227,-90.13489487452578
38.64984686084835,-90.13489670677532
38.649846434400466,-90.13489852922272
38.6498460125021,-90.1349003412911
38.64984559555648,-90.134902142844
38.64984518305964,-90.1349039342252
38.64984477356192,-90.13490571626284
38.64984436471599,-90.13490749023002
38.64984395342033,-90.13490925775751
38.64984353605142,-90.13491102070424
38.649843108760074,-90.13491278099748
38.649842667792704,-90.13491454046483
38.64984220979359,-90.13491630067948
38.64984173205016,-90.13491806283857
38.64984123265652,-90.13491982768689
38.649840710586105,-90.13492159548962
38.64984016567781,-90.13492336605124
38.64983959855021,-90.13492513877242
38.64983901046429,-90.13492691273328
38.64983840315712,-90.13492868679162
38.64983777866781,-90.13493045968356
38.64983713917329,-90.13493223011778
38.649836486846674,-90.1349339968558
38.649835823745335,-90.1349357587739
38.649835151730635,-90.1349375149053
38.64983447241682,-90.13493926446306
38.6498337871432,-90.13494100684608
38.64983309696205,-90.13494274163187
38.64983240263411,-90.13494446856024
38.649831704624845,-90.13494618751145
38.649831003096274,-90.13494789848298
38.64983029789244,-90.13494960156686
38.64982958851982,-90.13495129692956
38.64982887412699,-90.13495298479477
38.64982815349098,-90.13495466542828
38.64982742501929,-90.1349563391246
38.6498266867774,-90.13495800619248
38.649825936550506,-90.13495966693888
38.64982517194557,-90.13496132164886
38.64982439053582,-90.13496297056184
38.64982359004361,-90.1349646138439
38.64982276855161,-90.1349662515579
38.64982192472457,-90.13496788363418
38.649821058018254,-90.13496950984585
38.649820168847114,-90.13497112979272
38.64981925868087,-90.13497274289924
38.6498183300432,-90.13497434842932
38.64981738639451,-90.1349759455211
38.64981643189694,-90.13497753324
38.64981547108171,-90.13497911064526
38.64981450846214,-90.13498067686128
38.649813548148906,-90.1349822311428
38.64981259352228,-90.13498377292392
38.64981164699976,-90.13498530184522
38.64981070991546,-90.1349868177564
38.64980978250863,-90.13498832069736
38.649808864004974,-90.1349898108617
38.64980795276711,-90.1349912885493
38.64980704648893,-90.13499275411394
38.64980614240988,-90.13499420791214
38.64980523753012,-90.13499565025832
38.64980432881218,-90.13499708138974
38.64980341336083,-90.1349985014438
38.64980248857705,-90.13499991044846
38.64980155228527,-90.13500130832573
38.64980060283498,-90.1350026949065
38.64979963917748,-90.13500406995476
38.64979866091769,-90.13500543319812
38.64979766833876,-90.13500678436108
38.64979666239539,-90.13500812319784
38.64979564467019,-90.13500944952092
38.649794617287874,-90.13501076322228
38.64979358278446,-90.1350120642848
38.64979254393424,-90.13501335278224
38.64979150354508,-90.13501462886806
38.64979046424112,-90.135015892754
38.64978942825611,-90.13501714468136
38.64978839725952,-90.135018384888
38.64978737223152,-90.1350196135748
38.64978635339653,-90.13502083087452
38.6497853402188,-90.13502203682675
38.649784331459465,-90.13502323136134
38.64978332529003,-90.1350244142927
38.649782319452896,-90.13502558532568
38.64978131145364,-90.13502674407304
38.64978029876505,-90.13502789008156
38.64977927902072,-90.13502902286469
38.649778250179125,-90.13503014193684
38.64977721064623,-90.13503124684824
38.64977615935302,-90.13503233721734
38.64977509579084,-90.13503341276116
38.6497740200118,-90.13503447332234
38.649772932602666,-90.13503551889283
38.64977183464021,-90.13503654963354
38.64977072763374,-90.13503756588776
38.64976961345796,-90.13503856818704
38.6497684942766,-90.13503955724642
38.64976737245492,-90.13504053394666
38.64976625045868,-90.13504149930104
38.64976513073732,-90.13504245440572
38.64976401559089,-90.13504340037387
38.649762907024034,-90.13504433825598
38.64976180659401,-90.13504526895116
38.64976071526465,-90.13504619311703
38.649759633282336,-90.13504711108732
38.64975856009273,-90.13504802280852
38.64975749431716,-90.13504892780662
38.64975643380411,-90.13504982519288
38.64975537576278,-90.13505071371398
38.64975431697233,-90.13505159184425
38.649753254044725,-90.13505245790977
38.64975218370712,-90.13505331022787
38.64975110306489,-90.13505414724192
38.64975000981266,-90.13505496763482
38.64974890237214,-90.13505577040942
38.64974777994908,-90.13505655493108
38.64974664251386,-90.13505732093346
38.649745490718935,-90.13505806849312
38.649744325771415,-90.13505879798134
38.64974314928086,-90.13505951000258
38.64974196310108,-90.13506020532786
38.64974076918173,-90.13506088483108
38.649739569441024,-90.13506154943268
38.649738365666046,-90.13506220005374
38.649737159442736,-90.1350628375806
38.64973595211347,-90.1350634628384
38.6497347447574,-90.13506407657071
38.64973353818709,-90.13506467942126
38.64973233295428,-90.13506527191475
38.64973112935855,-90.13506585443352
38.64972992745402,-90.13506642718912
38.64972872705152,-90.13506699018916
38.649727527716294,-90.13506754320198
38.64972632876375,-90.13506808572347
38.64972512925804,-90.1350686169526
38.649723928019846,-90.1350691357819
38.6497227236501,-90.13506964081128
38.649721514576086,-90.13507013039012
38.6497202991244,-90.13507060269328
38.649719075622286,-90.13507105583064
38.649717842524915,-90.1350714879884
38.64971659856131,-90.13507189759274
38.649715342886864,-90.13507228348332
38.64971407522573,-90.1350726450784
38.64971279598331,-90.1350729825099
38.649711506308016,-90.13507329670598
38.649710208083455,-90.13507358940018
38.64970890383896,-90.13507386305297
38.649707596577365,-90.13507412068348
38.64970628953495,-90.13507436562504
38.649704985904464,-90.13507460123598
38.649703688561736,-90.13507483060724
38.64970239983466,-90.13507505630749
38.649701121341785,-90.13507528019532
38.64969985391216,-90.13507550331238
38.64969859758433,-90.13507572585723
38.64969735167285,-90.13507594723036
38.64969611488534,-90.13507616613488
38.64969488547173,-90.13507638071596
38.64969366138842,-90.13507658872304
38.64969244046274,-90.13507678768056
38.64969122054706,-90.1350769750575
38.64968999965505,-90.13507714842795
38.649688776076026,-90.13507730561784
38.64968754846554,-90.13507744483428
38.649686315911445,-90.13507756477466
38.649685077975285,-90.13507766471196
38.6496838347085,-90.13507774455104
38.649682586642214,-90.1350778048508
38.64968133474933,-90.13507784680549
38.64968008037746,-90.13507787217956
38.64967882515345,-90.1350778831937
38.64967757086264,-90.13507788236454
38.64967631931121,-90.13507787230878
38.64967507218432,-90.13507785553014
38.64967383091475,-90.13507783421178
38.6496725965758,-90.13507781003632
38.649671369807905,-90.1350777840499
38.64967015078381,-90.135077756581
38.64966893921359,-90.135077727219
38.649667734387656,-90.13507769485318
38.649666535253544,-90.13507765776949
38.64966534051969,-90.13507761379611
38.64966414877597,-90.13507756048476
38.64966295861865,-90.13507749530788
38.64966176876601,-90.1350774158502
38.64966057815336,-90.13507731997628
38.64965938600048,-90.1350772059608
38.64965819184963,-90.13507707257828
38.64965699557633,-90.13507691915382
38.64965579737781,-90.13507674558085
38.64965459774507,-90.13507655231352
38.64965339742409,-90.1350763403396
38.64965219737085,-90.1350761111386
38.64965099870313,-90.1350758666263
38.64964980265063,-90.13507560908484
38.6496486105034,-90.1350753410752
38.649647423557965,-90.13507506532832
38.64964624306031,-90.1350747846128
38.64964507014544,-90.13507450157849
38.649643905774575,-90.13507421858044
38.64964275067271,-90.13507393749217
38.64964160527125,-90.1350736595234
38.649640469662195,-90.1350733850615
38.64963934357161,-90.13507311355993
38.64963822635998,-90.13507284349704
38.64963711705568,-90.13507257242412
38.64963601442366,-90.1350722971116
38.64963491706624,-90.13507201378722
38.64963382354514,-90.13507171844032
38.649632732509644,-90.13507140715234
38.64963164281328,-90.13507107640822
38.64963055360474,-90.13507072334936
38.649629464383914,-90.13507034594296
38.649628375020086,-90.13506994305794
38.64962728573488,-90.13506951445228
38.64962619705621,-90.13506906068638
38.64962510975199,-90.13506858298364
38.64962402475292,-90.13506808306148
38.64962294307324,-90.13506756295412
38.64962186573692,-90.1350670248456
38.64962079371489,-90.13506647092578
38.64961972787674,-90.13506590327644
38.64961866895844,-90.13506532378926
38.64961761754576,-90.13506473411292
38.649616574071715,-90.13506413562304
38.64961553882559,-90.13506352940703
38.64961451197038,-90.13506291625528
38.649613493565624,-90.13506229665168
38.6496124835928,-90.13506167075866
38.64961148198083,-90.13506103839468
38.64961048862985,-90.13506039900612
38.64960950343233,-90.13505975163908
38.64960852629065,-90.13505909491928
38.64960755713137,-90.13505842705013
38.649606595916225,-90.13505774584034
38.649605642650464,-90.13505704877082
38.64960469738891,-90.13505633310724
38.64960376024003,-90.13505559606112
38.64960283136834,-90.13505483499492
38.649601910994704,-90.13505404765952
38.64960099939444,-90.13505323244456
38.649600096892485,-90.1350523886156
38.64959920385514,-90.13505151650574
38.649598320677825,-90.13505061762878
38.64959744776894,-90.13504969468318
38.649596585530254,-90.13504875142652
38.64959573433521,-90.1350477924177
38.64959489450749,-90.135046822649
38.64959406630279,-90.13504584711544
38.649593249896995,-90.13504487038468
38.64959244538291,-90.135043896228
38.64959165277669,-90.135042927356
38.64959087203322,-90.13504196527678
38.64959010306875,-90.13504101027524
38.649589345788144,-90.13504006149518
38.649588600113695,-90.13503911709908
38.64958786601258,-90.13503817447776
38.64958714351984,-90.13503723048416
38.649586432754546,-90.13503628167052
38.64958573392719,-90.13503532451342
38.64958504733688,-90.13503435561802
38.649584373358,-90.13503337189672
38.6495837124167,-90.1350323707216
38.64958306495843,-90.13503135005097
38.64958243140902,-90.1350303085304
38.64958181213253,-90.1350292455668
38.64958120738972,-90.13502816137144
38.64958061730213,-90.13502705696573
38.64958004182618,-90.13502593414128
38.649579480742034,-90.13502479536731
38.649578933660166,-90.13502364364028
38.64957840004715,-90.13502248227876
38.649577879269074,-90.13502131467652
38.6495773706482,-90.13502014403616
38.64957687352647,-90.13501897311312
38.64957638732871,-90.13501780399687
38.64957591161928,-90.13501663795024
38.64957544614688,-90.13501547531968
38.64957499087325,-90.13501431552189
38.649574545982865,-90.1350131571064
38.6495741118718,-90.13501199789012
38.64957368911617,-90.13501083515118
38.64957327842299,-90.13500966586513
38.6495728805691,-90.13500848695752
38.64957249633537,-90.13500729554556
38.649572126443026,-90.13500608914448
38.64957177149719,-90.13500486582362
38.64957143193988,-90.13500362430692
38.649571108013006,-90.13500236402147
38.649570799730554,-90.13500108510289
38.64957050685905,-90.13499978836714
38.64957022890587,-90.13499847525928
38.64956996511603,-90.134997147785
38.64956971447895,-90.13499580842915
38.649569475747775,-90.13499446006077
38.64956924747418,-90.13499310582232
38.64956902806119,-90.13499174899998
38.64956881583561,-90.13499039287132
38.6495686091396,-90.13498904053075
38.64956840643832,-90.13498769469687
38.64956820643718,-90.13498635751093
38.64956800819917,-90.13498503034272
38.64956781124955,-90.13498371362506
38.64956761565349,-90.13498240674129
38.64956742205202,-90.1349811079914
38.64956723164438,-90.13497981465709
38.64956704611066,-90.1349785231746
38.649566867478086,-90.13497722940797
38.649566697945474,-90.13497592899324
38.64956653968913,-90.1349746177094
38.64956639467704,-90.13497329182516
38.649566264514554,-90.13497194837872
38.64956615033727,-90.13497058536215
38.64956605275739,-90.13496920180071
38.649565971861904,-90.134967797732
38.64956590725459,-90.1349663741021
38.649565858130465,-90.134964932602
38.64956582336972,-90.13496347546992
38.649565801639035,-90.13496200528412
38.64956579148993,-90.13496052476576
38.649565791446875,-90.13495903660714
38.64956580008074,-90.13495754333304
38.64956581606629,-90.13495604719864
38.64956583822487,-90.13495455012172
38.649565865554955,-90.13495305364324
38.64956589725427,-90.13495155890968
38.649565932737175,-90.13495006666857
38.64956597164992,-90.1349485772712
38.64956601388537,-90.13494709067751
38.64956605959675,-90.13494560646168
38.64956610920818,-90.13494412381948
38.64956616341811,-90.13494264158189
38.64956622319066,-90.13494115824088
38.64956628972935,-90.13493967199494
38.64956636442819,-90.13493818082112
38.64956644879701,-90.13493668257854
38.64956654436,-90.13493517514527
38.64956665253063,-90.13493365658488
38.64956677446981,-90.134932125334
38.64956691093886,-90.13493058039572
38.649567062162866,-90.13492902151798
38.649567227722756,-90.13492744933257
38.64956740649552,-90.13492586542834
38.64956759665979,-90.1349242723361
38.649567795778175,-90.1349226734092
38.649568000957,-90.13492107260022
38.64956820906968,-90.1349194741524
38.64956841701472,-90.13491788224614
38.64956862197052,-90.13491630065226
38.64956882161081,-90.13491473244146
38.64956901425539,-90.13491317978406
38.649569198945514,-90.1349116438542
38.649569375446056,-90.13491012483468
38.64956954418577,-90.13490862200624
38.649569706151695,-90.1349071338988
38.649569862755115,-90.13490565848004
38.64957001568547,-90.13490419335892
38.64957016676556,-90.13490273598526
38.64957031781775,-90.13490128383212
38.64957047054747,-90.13489983455258
38.6495706264466,-90.1348983861073
38.64957078671747,-90.13489693686236
38.64957095221639,-90.1348954856592
38.64957112341545,-90.13489403185896
38.64957130038179,-90.13489257536273
38.64957148277445,-90.13489111660888
38.64957166985992,-90.13488965654577
38.64957186054862,-90.13488819657842
38.64957205345405,-90.13488673848664
38.649572246975566,-90.13488528431424
38.64957243940238,-90.1348838362322
38.64957262903238,-90.13488239638438
38.64957281429509,-90.1348809667298
38.649572993865455,-90.13487954889776
38.64957316675693,-90.13487814407134
38.6495733323849,-90.13487675290988
38.64957349059645,-90.13487537551552
38.6495736416651,-90.13487401144506
38.649573786251864,-90.13487265976453
38.64957392533639,-90.13487131914177
38.64957406012395,-90.13486998796864
38.64957419193709,-90.13486866450158
38.64957432210294,-90.1348673470058
38.64957445184838,-90.134866033888
38.649574582212814,-90.13486472380484
38.6495747139851,-90.13486341573916
38.64957484766618,-90.13486210904188
38.64957498345545,-90.13486080344316
38.64957512125684,-90.13485949903723
38.64957526069944,-90.13485819624908
38.649575401167986,-90.13485689578864
38.64957554183955,-90.13485559859852
38.649575681723995,-90.13485430579856
38.64957581970747,-90.13485301862886
38.64957595459926,-90.134851738392
38.64957608518279,-90.13485046639312
38.64957621027192,-90.13484920387737
38.64957632877247,-90.13484795196392
38.64957643974801,-90.1348467115779
38.6495765424866,-90.13484548338278
38.64957663656361,-90.13484426771856
38.64957672189337,-90.13484306455229
38.64957679876166,-90.13484187344984
38.64957686783059,-90.1348406935767
38.64957693010941,-90.13483952373484
38.6495769868882,-90.13483836243812
38.64957703963817,-90.13483720802232
38.64957708988846,-90.13483605877876
38.649577139095655,-90.13483491309398
38.64957718852353,-90.13483376957748
38.6495772391481,-90.13483262716062
38.64957729159738,-90.13483148515787
38.649577346129185,-90.13483034328664
38.64957740264463,-90.13482920164866
38.649577460731074,-90.13482806068008
38.64957751972583,-90.13482692107964
38.649577578791295,-90.13482578372516
38.64957763699247,-90.13482464958813
38.64957769336959,-90.13482351965426
38.6495777470001,-90.1348223948564
38.64957779704681,-90.13482127602276
38.64957784279081,-90.13482016384268
38.64957788364969,-90.1348190588486
38.64957791918295,-90.13481796141266
38.64957794908734,-90.13481687175523
38.64957797318515,-90.13481578996118
38.64957799140875,-90.13481471600112
38.649578003783695,-90.13481364975448
38.64957801041267,-90.13481259103185
38.64957801146104,-90.13481153959512
38.64957800714458,-90.13481049517496
38.64957799771858,-90.13480945748525
38.64957798346752,-90.13480842623515
38.64957796469367,-90.13480740114042
38.6495779417034,-90.13480638193408
38.64957791478999,-90.13480536837832
38.649577884212576,-90.13480436027768
38.64957785017155,-90.13480335749368
38.64957781278187,-90.13480235995996
38.64957777204667,-90.13480136769664
38.64957772783472,-90.1348003808216
38.64957767986531,-90.13479939955629
38.6495776277051,-90.13479842422316
38.64957757077986,-90.1347974552332
38.64957750840324,-90.13479649306194
38.64957743982164,-90.13479553821526
38.64957736427115,-90.13479459118804
38.649577281038866,-90.1347936524214
38.64957718951937,-90.13479272226456
38.649577089257875,-90.13479180094804
38.64957697997458,-90.13479088857092
38.649576861568626,-90.13478998510358
38.64957673410329,-90.1347890904036
38.64957659777636,-90.1347882042424
38.649576452880744,-90.13478732633776
38.64957629976079,-90.13478645638854
38.649576138769184,-90.13478559410754
38.649575970228874,-90.13478473924928
38.64957579440281,-90.13478389163014
38.64957561147379,-90.1347830511398
38.64957542153496,-90.13478221774297
38.64957522459085,-90.1347813914723
38.64957502056773,-90.1347805724132
38.649574809331575,-90.1347797606826
38.64957459071118,-90.13477895640408
38.64957436452379,-90.13477815968214
38.64957413060044,-90.13477737057802
38.64957388880842,-90.13477658909088
38.649573639068315,-90.13477581514586
38.64957338136384,-90.1347750485916
38.64957311574338,-90.1347742892077
38.64957284231319,-90.13477353672162
38.64957256122331,-90.1347727908333
38.649572272648086,-90.13477205124418
38.64957197676371,-90.1347713176877
38.64957167372539,-90.13477058995744
38.64957136364645,-90.13476986793091
38.64957104658168,-90.1347691515858
38.649570722516685,-90.13476844100784
38.64957039136474,-90.13476773638833
38.64957005297152,-90.1347670380121
38.64956970712727,-90.13476634623645
38.649569353584766,-90.13476566146386
38.6495689920806,-90.1347649841119
38.64956862235735,-90.13476431458304
38.64956824418485,-90.1347636532374
38.64956785737936,-90.13476300036876
38.64956746182038,-90.13476235618523
38.649567057464814,-90.13476172079348
38.64956664435869,-90.13476109418656
38.64956622264601,-90.13476047623566
38.64956579257424,-90.1347598666857
38.64956535449539,-90.1347592651562
38.64956490886159,-90.13475867114812
38.64956445621369,-90.13475808405896
38.6495639971617,-90.13475750320664
38.6495635323566,-90.1347569278636
38.64956306245351,-90.13475635730076
38.6495625880676,-90.13475579083952
38.649562109725395,-90.13475522790937
38.64956162781537,-90.13475466810593
38.64956114254332,-90.13475411124352
38.64956065389811,-90.13475355739531
38.649560161634355,-90.13475300691331
38.64955966527672,-90.13475246042296
38.64955916414864,-90.13475191878857
38.64955865742443,-90.1347513830513
38.64955814419888,-90.1347508543464
38.64955762356512,-90.13475033381054
38.649557094690074,-90.13474982249228
38.64955655687782,-90.13474932127686
38.649556009614635,-90.1347488308327
38.64955545259309,-90.134748351583
38.64955488571564,-90.13474788370134
38.64955430908078,-90.13474742712816
38.64955372295641,-90.13474698160222
38.64955312774523,-90.13474654670156
38.64955252394696,-90.13474612188796
38.64955191212126,-90.13474570655072
38.649551292854134,-90.1347453000462
38.64955066672913,-90.13474490173184
38.649550034303736,-90.13474451099404
38.64954939609015,-90.13474412727108
38.64954875253921,-90.13474375007286
38.649548104025826,-90.13474337899856
38.64954745083465,-90.13474301375508
38.64954679314508,-90.134742654176
38.6495461310154,-90.13474230024222
38.649545464367165,-90.1347419521021
38.64954479297145,-90.13474161008963
38.64954411643969,-90.13474127473684
38.64954343422242,-90.13474094677618
38.64954274561913,-90.13474062712947
38.64954204980234,-90.13474031687862
38.64954134585797,-90.13474001721627
38.649540632842296,-90.13473972937564
38.64953990985409,-90.1347394545411
38.64953917611783,-90.13473919374496
38.649538431071306,-90.13473894775828
38.64953767444872,-90.1347387169872
38.649536906348466,-90.13473850138774
38.64953612727414,-90.13473830041352
38.64953533813858,-90.13473811300936
38.6495345402237,-90.1347379376595
38.649533735095055,-90.13473777249202
38.649532924478365,-90.13473761543082
38.649532110113825,-90.13473746437558
38.64953129360947,-90.1347373173834
38.649530476314126,-90.13473717282704
38.649529659224584,-90.13473702951126
38.64952884293373,-90.134736886739
38.64952802761909,-90.13473674432817
38.64952721306618,-90.13473660258504
38.649526398718535,-90.13473646224531
38.649525583745344,-90.13473632439242
38.649524767118294,-90.13473619036444
38.649523947690845,-90.13473606165704
38.64952312427502,-90.13473593982864
38.64952229571257,-90.13473582641132
38.649521460939184,-90.13473572282923
38.64952061904115,-90.1347356303249
38.64951976930444,-90.13473554989402
38.6495189112558,-90.13473548222908
38.649518044694744,-90.1347354276736
38.64951716971452,-90.13473538619031
38.64951628670896,-90.13473535734715
38.64951539636174,-90.1347353403263
38.64951449961489,-90.1347353339612
38.64951359761445,-90.13473533680404
38.64951269163433,-90.13473534722314
38.64951178298302,-90.1347353635246
38.64951087290205,-90.13473538408616
38.64950996246727,-90.1347354074892
38.64950905250379,-90.13473543263464
38.64950814352261,-90.13473545883149
38.64950723568411,-90.13473548585088
38.64950632879079,-90.13473551394218
38.64950542230952,-90.13473554380936
38.649504515421576,-90.13473557654996
38.64950360709622,-90.13473561356102
38.64950269618095,-90.13473565642089
38.649501781498635,-90.13473570675966
38.6495008619409,-90.1347357661323
38.64949993654831,-90.1347358359073
38.64949900457138,-90.13473591717909
38.649498065510414,-90.13473601070692
38.649497119135305,-90.1347361168796
38.649496165488635,-90.1347362357013
38.64949520487592,-90.13473636679475
38.64949423784653,-90.13473650941728
38.649493265168026,-90.134736662487
38.64949228779503,-90.13473682461915
38.64949130683279,-90.13473699417258
38.6494903234944,-90.13473716930947
38.6494893390503,-90.13473734807044
38.64948835476905,-90.1347375284668
38.64948737184927,-90.1347377085901
38.64948639134445,-90.1347378867358
38.64948541408439,-90.1347380615344
38.64948444059947,-90.1347382320798
38.64948347105613,-90.13473839804062
38.64948250521305,-90.13473855973848
38.64948154240805,-90.13473871817678
38.64948058158334,-90.134738875007
38.649479621352974,-90.13473903242556
38.649478660109125,-90.1347391930067
38.64947769615603,-90.13473935948866
38.649476727854086,-90.13473953454188
38.64947575375436,-90.13473972055046
38.64947477270676,-90.1347399194348
38.6494737839309,-90.1347401325332
38.64947278704577,-90.1347403605489
38.6494717820604,-90.13474060356003
38.64947076933224,-90.1347408610814
38.64946974950242,-90.13474113216392
38.649468723418266,-90.13474141551528
38.649467692052575,-90.13474170962648
38.649466656427734,-90.13474201289146
38.64946561755055,-90.1347423237106
38.649464576361005,-90.13474264057254
38.64946353369633,-90.13474296211304
38.649462490269,-90.13474328715228
38.6494614466567,-90.13474361471438
38.64946040330054,-90.13474394403522
38.64945936050828,-90.1347442745633
38.64945831845918,-90.1347446059594
38.649457277207986,-90.13474493809848
38.64945623668682,-90.13474527107526
38.64945519670476,-90.13474560521354
38.64945415694655,-90.13474594107583
38.64945311697253,-90.13474627946896
38.64945207622308,-90.1347466214398
38.649451034030825,-90.13474696825426
38.64944998964391,-90.1347473213544
38.64944894226236,-90.13474768228912
38.64944789108848,-90.13474805261724
38.64944683538999,-90.13474843378604
38.64944577457224,-90.13474882699148
38.6494447082536,-90.1347492330325
38.64944363633568,-90.13474965217436
38.649442559058606,-90.1347500840406
38.64944147703101,-90.13475052755275
38.64944039122557,-90.13475098093572
38.64943930293395,-90.13475144180016
38.649438213680995,-90.13475190730315
38.649437125105464,-90.13475237437288
38.64943603882304,-90.1347528399678
38.6494349562916,-90.13475330133303
38.649433878698154,-90.13475375621655
38.64943280688082,-90.13475420301988
38.64943174129122,-90.13475464087298
38.64943068199611,-90.1347550696354
38.649429628711786,-90.13475548983476
38.649428580862725,-90.13475590255956
38.64942753765474,-90.13475630932356
38.64942649815409,-90.13475671191809
38.64942546136511,-90.13475711226596
38.649424426301245,-90.13475751228697
38.64942339204614,-90.13475791378036
38.649422357803424,-90.134758318328
38.64942132293487,-90.1347587272181
38.64942028698772,-90.13475914138829
38.64941924971187,-90.13475956138736
38.64941821106781,-90.13475998735449
38.64941717122517,-90.13476041901576
38.64941613055196,-90.1347608556998
38.6494150895933,-90.13476129637448
38.64941404903893,-90.13476173970638
38.64941300967957,-90.13476218414463
38.6494119723529,-90.13476262802628
38.649410937882855,-90.13476306969685
38.64940990701749,-90.13476350763597
38.64940888037202,-90.13476394057368
38.64940785838294,-90.1347643675866
38.649406841277475,-90.13476478816408
38.64940582906034,-90.1347652022403
38.64940482151849,-90.13476561019066
38.64940381824265,-90.13476601279336
38.649402818664015,-90.13476641115972
38.64940182210285,-90.13476680663848
38.649400827824465,-90.1347672007034
38.649399835097064,-90.13476759483484
38.64939884324548,-90.13476799040764
38.6493978516956,-90.13476838859629
38.649396860006455,-90.1347687903034
38.64939586788888,-90.13476919611492
38.6493948752117,-90.13476960627963
38.649393881997185,-90.13477002071072
38.64939288840832,-90.13477043900431
38.649391894730094,-90.13477086047182
38.64939090134669,-90.13477128418212
38.64938990871601,-90.1347717090124
38.64938891734213,-90.13477213370622
38.64938792774629,-90.1347725569388
38.649386940436344,-90.13477297738956
38.64938595587518,-90.13477339382048
38.649384974448786,-90.134773805159
38.649383996435176,-90.13477421058091
38.649383021976504,-90.13477460958752
38.64938205105706,-90.13477500206908
38.64938108349038,-90.13477538834542
38.649380118918955,-90.1347757691747
38.649379156828914,-90.13477614572264
38.64937819658079,-90.13477651948966
38.64937723745469,-90.13477689219954
38.64937627870515,-90.13477726566084
38.64937531961889,-90.13477764161954
38.649374359567545,-90.1347780216224
38.64937339804913,-90.13477840690776
38.649372434714095,-90.13477879833486
38.64937146937472,-90.13477919635515
38.64937050199904,-90.13477960102335
38.64936953269202,-90.1347800120412
38.64936856166808,-90.13478042882404
38.64936758921883,-90.13478085058046
38.64936661568007,-90.13478127639468
38.64936564140122,-90.13478170530357
38.649364666719386,-90.13478213636276
38.6493636919395,-90.13478256869816
38.6493627173207,-90.1347830015418
38.64936174306873,-90.13478343425358
38.64936076933322,-90.13478386633068
38.64935979620845,-90.13478429740866
38.64935882373623,-90.13478472725753
38.649357851909485,-90.13478515577631
38.64935688067543,-90.13478558298873
38.6493559099378,-90.13478600904082
38.64935493955799,-90.1347864342016
38.64935396935531,-90.13478685886432
38.64935299910742,-90.13478728354715
38.64935202855179,-90.1347877088891
38.6493510573896,-90.1347881356383
38.649350085293214,-90.13478856462945
38.649349111918085,-90.13478899674767
38.649348136919535,-90.13478943287852
38.64934715997408,-90.13478987384453
38.649346180804145,-90.1347903203328
38.649345199204134,-90.13479077281876
38.649344215065106,-90.13479123149504
38.6493432283946,-90.13479169621468
38.64934223932793,-90.13479216646006
38.64934124812782,-90.1347926413457
38.64934025516996,-90.1347931196623
38.64933926091437,-90.13479359996164
38.64933826586494,-90.1347940806755
38.64933727052236,-90.1347945602529
38.649336275337376,-90.13479503729552
38.64933528067099,-90.13479551067206
38.6493342867662,-90.13479597959808
38.6493332937333,-90.13479644367546
38.64933230154836,-90.1347969028932
38.64933131006288,-90.13479735759522
38.649330319021715,-90.13479780842408
38.64932932808632,-90.13479825624972
38.64932833686041,-90.13479870209204
38.64932734491575,-90.13479914704412
38.64932635181662,-90.13479959220145
38.649325357141834,-90.1348000385997
38.64932436050401,-90.13480048716322
38.64932336156612,-90.1348009386634
38.64932236005524,-90.13480139368714
38.649321355773814,-90.1348018526144
38.649320348608136,-90.13480231560422
38.64931933853357,-90.1348027825902
38.64931832561592,-90.13480325328544
38.64931731000785,-90.1348037271994
38.64931629193951,-90.13480420366707
38.64931527170274,-90.13480468189232
38.649314249629015,-90.13480516100331
38.649313226062525,-90.13480564011792
38.64931220133078,-90.13480611841184
38.649311175715866,-90.1348065951832
38.64931014942949,-90.13480706990654
38.649309122594104,-90.1348075422708
38.649308095231575,-90.13480801219906
38.64930706726024,-90.13480847984889
38.64930603850045,-90.13480894559318
38.64930500868831,-90.134809409984
38.64930397749644,-90.13480987370131
38.64930294455991,-90.13481033749248
38.6493019095046,-90.134810802108
38.64930087197479,-90.1348112682408
38.64929983165734,-90.1348117364753
38.64929878830066,-90.13481220724924
38.649297741727835,-90.13481268083042
38.649296691844235,-90.13481315730635
38.64929563864049,-90.13481363658526
38.64929458219184,-90.13481411840544
38.6492935226548,-90.13481460235027
38.64929246026152,-90.13481508786758
38.64929139531213,-90.13481557429158
38.64929032816472,-90.13481606086792
38.64928925922231,-90.1348165467821
38.64928818891639,-90.1348170311918
38.64928711768636,-90.13481751326415
38.649286045955066,-90.1348179922179
38.64928497410087,-90.1348184673692
38.649283902428,-90.13481893817914
38.64928283113725,-90.13481940429897
38.6492817603005,-90.13481986560802
38.64928068984248,-90.13482032223884
38.649279619533736,-90.13482077458282
38.64927854899766,-90.13482122327252
38.649277477733214,-90.13482166913788
38.649276405152264,-90.13482211313918
38.6492753306275,-90.13482255628276
38.64927425354471,-90.13482299953178
38.64927317335203,-90.13482344372288
38.64927208960024,-90.1348238895
38.649271001969744,-90.1348243372719
38.64926991028296,-90.13482478719511
38.6492688145026,-90.13482523918208
38.64926771471837,-90.13482569292891
38.64926661112521,-90.13482614795832
38.64926550399685,-90.13482660366988
38.64926439365804,-90.13482705939306
38.64926328045827,-90.13482751443652
38.649262164749175,-90.13482796813072
38.64926104686649,-90.1348284198612
38.649259927117086,-90.13482886909176
38.64925880577046,-90.13482931537746
38.649257683053754,-90.1348297583692
38.649256559149066,-90.13483019781135
38.649255434191666,-90.13483063353476
38.649254308268006,-90.13483106544685
38.64925318141284,-90.13483149352108
38.6492520536051,-90.1348319177866
38.649250924762946,-90.134832338319
38.6492497947388,-90.13483275523214
38.649248663315866,-90.13483316867097
38.649247530207674,-90.13483357880398
38.64924639506254,-90.13483398581502
38.64924525747452,-90.13483438989266
38.649244117001935,-90.13483479121722
38.64924297319382,-90.13483518994444
38.64924182562368,-90.13483558618697
38.64924067392841,-90.1348359799937
38.64923951784954,-90.13483637133028
38.64923835727206,-90.1348367600618
38.64923719225593,-90.13483714594184
38.64923602305465,-90.13483752861006
38.64923485011591,-90.13483790760137
38.64923367406103,-90.13483828236754
38.64923249564273,-90.13483865231105
38.649231315684816,-90.1348390168276
38.6492301350116,-90.13483937535212
38.64922895437741,-90.13483972740056
38.64922777440616,-90.13484007260202
38.64922659554792,-90.13484041071632
38.64922541805582,-90.13484074163657
38.64922424198257,-90.13484106537724
38.64922306719399,-90.13484138205142
38.649221893395215,-90.13484169184058
38.64922072016517,-90.1348419949612
38.649219546994914,-90.13484229163214
38.64921837332659,-90.13484258204583
38.649217198590435,-90.13484286634583
38.64921602223825,-90.13484314461223
38.64921484377273,-90.13484341685565
38.64921366277244,-90.1348436830193
38.64921247891242,-90.13484394298908
38.6492112919806,-90.13484419660912
38.64921010188972,-90.13484444370158
38.64920890868406,-90.13484468408842
38.64920771254,-90.1348449176125
38.64920651375916,-90.13484514415578
38.649205312752734,-90.13484536365276
38.649204110016555,-90.13484557609708
38.64920290609717,-90.13484578154076
38.64920170155111,-90.13484598008574
38.64920049690102,-90.13484617186911
38.64919929259362,-90.13484635704364
38.649198088963715,-90.13484653575574
38.64919688620781,-90.13484670812385
38.649195684369445,-90.13484687421868
38.649194483337176,-90.13484703404816
38.64919328285513,-90.1348471875484
38.649192082545554,-90.13484733458203
38.64919088194132,-90.1348474749447
38.6491896805257,-90.13484760837876
38.649188477775006,-90.134847734593
38.64918727319986,-90.13484785328608
38.6491860663808,-90.1348479641705
38.64918485699581,-90.13484806699626
38.64918364483852,-90.1348481615719
38.64918242982752,-90.13484824778276
38.64918121200768,-90.13484832560572
38.64917999154514,-90.13484839512007
38.64917876871689,-90.13484845651398
38.6491775438963,-90.13484851008565
38.64917631753494,-90.13484855623828
38.64917509014094,-90.13484859546767
38.64917386225393,-90.13484862834204
38.64917263441659,-90.13484865547277
38.64917140714304,-90.13484867747748
38.649170180885214,-90.13484869493637
38.649168955998576,-90.13484870834384
38.64916773271,-90.13484871806077
38.64916651109094,-90.13484872427075
38.64916529103982,-90.13484872694733
38.6491640722774,-90.13484872583724
38.64916285435815,-90.13484872046487
38.64916163669905,-90.1348487101601
38.64916041862418,-90.13484869410844
38.64915919942055,-90.13484867141815
38.649157978397895,-90.13484864119502
38.64915675494429,-90.13484860261433
38.649155528570816,-90.1348485549814
38.649154298940736,-90.13484849777404
38.649153065881734,-90.13484843066487
38.64915182938204,-90.13484835352362
38.64915058957329,-90.13484826640308
38.64914934670396,-90.1348481695128
38.64914810110751,-90.13484806318556
38.649146853169334,-90.13484794784164
38.64914560329563,-90.13484782395444
38.649144351886754,-90.13484769202016
38.64914309931624,-90.13484755253356
38.64914184591613,-90.13484740596904
38.64914059196797,-90.134847252767
38.6491393376986,-90.13484709332312
38.64913808327935,-90.1348469279796
38.64913682882706,-90.1348467570152
38.64913557440577,-90.13484658063372
38.64913432002787,-90.13484639894948
38.64913306565446,-90.1348462119704
38.64913181119451,-90.1348460195796
38.64913055650389,-90.13484582151834
38.64912930138481,-90.13484561737285
38.64912804558739,-90.13484540656935
38.649126788814506,-90.13484518838064
38.64912553073149,-90.13484496194788
38.64912427098156,-90.13484472631949
38.6491230092073,-90.1348444805082
38.64912174507768,-90.13484422356429
38.64912047831909,-90.13484395466084
38.64911920874782,-90.13484367318443
38.649117936300456,-90.13484337882151
38.64911666105797,-90.13484307162956
38.64911538325906,-90.1348427520808
38.649114103298835,-90.13484242106814
38.64911282171008,-90.13484207986556
38.64911153912712,-90.13484173004154
38.64911025623516,-90.13484137333327
38.64910897371197,-90.13484101149744
38.64910769217021,-90.13484064615946
38.6491064121089,-90.13484027868247
38.64910513387948,-90.13483991007112
38.64910385766913,-90.13483954091672
38.64910258350059,-90.13483917138416
38.64910131124597,-90.13483880123415
38.64910004065093,-90.134838429873
38.64909877136516,-90.13483805642056
38.649097502975515,-90.13483767978816
38.649096235038826,-90.13483729875924
38.64909496711213,-90.13483691206808
38.649093698779026,-90.13483651847332
38.64909242967158,-90.13483611682506
38.64909115948761,-90.13483570612492
38.649089888003694,-90.13483528557887
38.64908861508414,-90.13483485464243
38.649087340686116,-90.13483441305682
38.649086064860846,-90.13483396087396
38.64908478775059,-90.13483349846648
38.64908350958082,-90.1348330265196
38.64908223064714,-90.13483254599991
38.64908095129656,-90.1348320581004
38.649079671903806,-90.1348315641609
38.64907839284391,-90.13483106556984
38.64907711446367,-90.13483056365618
38.64907583705507,-90.13483005958348
38.6490745608333,-90.13482955425742
38.64907328592158,-90.13482904825564
38.64907201234379,-90.13482854178564
38.64907074002519,-90.1348280346738
38.64906946880107,-90.13482752638564
38.64906819843257,-90.13482701607666
38.649066928628166,-90.13482650266891
38.64906565906898,-90.13482598494686
38.649064389435246,-90.13482546166132
38.64906311943101,-90.13482493163104
38.64906184880475,-90.13482439383093
38.64906057736441,-90.13482384746048
38.649059304986295,-90.13482329199044
38.6490580316186,-90.13482272718848
38.649056757280114,-90.13482215312708
38.64905548205565,-90.13482157017766
38.64905420608911,-90.13482097899454
38.64905292957507,-90.13482038049078
38.64905165274941,-90.13481977580702
38.64905037587915,-90.13481916627283
38.64904909925135,-90.13481855335895
38.649047823160814,-90.13481793861877
38.64904654789641,-90.13481732361744
38.649045273725825,-90.13481670984928
38.64904400087923,-90.13481609864498
38.64904272953247,-90.13481549107384
38.649041459791185,-90.13481488784906
38.64904019167757,-90.13481428924592
38.649038925121815,-90.1348136950454
38.649037659960456,-90.13481310451505
38.64903639594314,-90.13481251643722
38.64903513274868,-90.13481192918906
38.64903387000952,-90.13481134087031
38.649032607342136,-90.13481074946596
38.64903134437935,-90.1348101530215
38.64903008080024,-90.1348095498077
38.64902881635386,-90.13480893845347
38.64902755087445,-90.13480831803386
38.64902628428721,-90.13480768810804
38.64902501660541,-90.13480704870976
38.6490237479201,-90.13480640029816
38.649022478384815,-90.13480574368036
38.64902120819747,-90.1348050799178
38.64901993758155,-90.13480441022844
38.64901866676867,-90.13480373589428
38.64901739598359,-90.1348030581814
38.649016125432546,-90.1348023782772
38.64901485529525,-90.13480169724532
38.649013585720304,-90.13480101599822
38.64901231682347,-90.1348003352839
38.649011048688166,-90.13479965568314
38.649009781367326,-90.134798977613
38.64900851488592,-90.1347983013327
38.649007249243525,-90.13479762694892
38.64900598441649,-90.13479695441882
38.64900472035965,-90.13479628355084
38.649003457007666,-90.13479561400432
38.64900219427626,-90.13479494529123
38.64900093206393,-90.13479427678304
38.648999670254675,-90.1347936077269
38.64899840872225,-90.13479293727484
38.6489971473363,-90.13479226452866
38.648995885970685,-90.13479158860056
38.6489946245136,-90.13479090868891
38.6489933628791,-90.13479022416412
38.648992101018905,-90.13478953465716
38.648990838933265,-90.1347888401418
38.648989576679135,-90.13478814099776
38.64898831437413,-90.13478743804352
38.64898705219469,-90.13478673252736
38.64898579036756,-90.1347860260702
38.648984529154646,-90.13478532055991
38.6489832688325,-90.13478461800663
38.64898200966926,-90.1347839203774
38.64898075190227,-90.1347832294352
38.64897949571976,-90.134782546605
38.64897824124869,-90.1347818728828
38.64897698854973,-90.13478120879437
38.64897573761887,-90.13478055440176
38.648974488394735,-90.13477990935024
38.64897324076989,-90.13477927294429
38.648971994604445,-90.13477864424166
38.648970749740506,-90.13477802215412
38.64896950601596,-90.13477740554568
38.64896826327681,-90.13477679332172
38.64896702138722,-90.13477618450426
38.64896578023722,-90.13477557829074
38.64896453974763,-90.1347749740963
38.648963299872754,-90.13477437157906
38.64896206060065,-90.13477377065
38.648960821951526,-90.13477317146835
38.648959583974325,-90.13477257442352
38.64895834674184,-90.13477198010428
38.64895711034451,-90.13477138925651
38.64895587488319,-90.13477080273064
38.64895464046131,-90.13477022142108
38.64895340717689,-90.13476964620246
38.64895217511515,-90.13476907786752
38.64895094434247,-90.13476851707348
38.64894971490216,-90.13476796430184
38.64894848681254,-90.134767419835
38.648947260067175,-90.13476688375042
38.64894603463711,-90.13476635593206
38.64894481047496,-90.1347658360967
38.64894358752005,-90.13476532383264
38.648942365704464,-90.13476481864696
38.64894114495912,-90.13476432001686
38.648939925219494,-90.13476382743994
38.648938706430286,-90.13476334047829
38.648937488548654,-90.13476285879216
38.64893627154578,-90.13476238216124
38.648935055406845,-90.13476191049268
38.648933840129494,-90.13476144381784
38.64893262572125,-90.13476098227932
38.64893141219607,-90.13476052611172
38.64893019957076,-90.13476007561852
38.64892898786123,-90.13475963114776
38.64892777707933,-90.13475919306843
38.64892656723022,-90.13475876174886
38.64892535831075,-90.1347583375382
38.64892415030872,-90.13475792075091
38.64892294320323,-90.13475751165475
38.64892173696599,-90.13475711046156
38.64892053156346,-90.13475671732114
38.64891932695972,-90.13475633231806
38.64891812311959,-90.13475595547106
38.648916920011914,-90.13475558673588
38.648915717612475,-90.13475522601148
38.64891451590633,-90.13475487315024
38.648913314889086,-90.13475452797184
38.64891211456714,-90.13475419028104
38.64891091495661,-90.13475385988764
38.64890971608131,-90.13475353662729
38.64890851796997,-90.13475322038036
38.648907320653194,-90.13475291108698
38.64890612416057,-90.13475260875614
38.64890492851814,-90.13475231346833
38.64890373374658,-90.1347520253712
38.64890253985995,-90.13475174466988
38.64890134686513,-90.13475147161223
38.648900154761755,-90.13475120647138
38.64889896354246,-90.13475094952686
38.64889777319343,-90.13475070104592
38.64889658369507,-90.1347504612666
38.64889539502259,-90.13475023038367
38.64889420714683,-90.1347500085386
38.648893020034954,-90.134749795814
38.648891833651426,-90.13474959223367
38.6488906479591,-90.13474939776788
38.648889462920714,-90.13474921234436
38.648888278500735,-90.13474903586447
38.6488870946676,-90.1347488682242
38.64888591139635,-90.13474870933858
38.64888472867152,-90.13474855916814
38.64888354648996,-90.13474841774578
38.64888236486353,-90.1347482852012
38.64888118382106,-90.13474816178083
38.64888000340934,-90.13474804785996
38.64887882369272,-90.13474794394492
38.64887764475096,-90.13474785066288
38.64887646667518,-90.13474776873772
38.64887528956184,-90.13474769895204
38.64887411350491,-90.13474764209606
38.64887293858683,-90.13474759890646
38.64887176486876,-90.13474757
38.64887059238134,-90.134747555808
38.648869421116984,-90.1347475565197
38.64886825102497,-90.13474757204274
38.64886708201051,-90.13474760198838
38.64886591393852,-90.13474764568755
38.6488647466423,-90.13474770223964
38.64886357993638,-90.13474777058958
38.64886241363185,-90.1347478496246
38.648861247552006,-90.13474793827568
38.64886008154605,-90.13474803561073
38.64885891549938,-90.13474814090866
38.64885774933962,-90.13474825370912
38.64885658303841,-90.13474837383704
38.64885541660955,-90.13474850140416
38.64885425010426,-90.13474863679184
38.64885308360445,-90.1347487806194
38.64885191721488,-90.13474893370272
38.648850751054894,-90.13474909700592
38.64884958525018,-90.13474927158872
38.648848419924946,-90.13474945855091
38.64884725519461,-90.13474965897434
38.648846091159086,-90.13474987386348
38.6488449278968,-90.13475010408538
38.64884376545938,-90.13475035031108
38.648842603867415,-90.13475061296144
38.64884144310741,-90.1347508921622
38.648840283130475,-90.1347511877135
38.648839123853215,-90.1347514990802
38.64883796516118,-90.13475182540827
38.64883680691523,-90.13475216557136
38.64883564896071,-90.13475251824757
38.648834491138864,-90.13475288202144
38.648833333299415,-90.13475325550192
38.64883217531306,-90.13475363744226
38.6488310170825,-90.13475402684917
38.64882985855091,-90.13475442307048
38.648828699707344,-90.13475482585385
38.64882754058848,-90.13475523537105
38.64882638127675,-90.13475565220696
38.64882522189493,-90.13475607731232
38.64882406259749,-90.13475651192464
38.648822903559726,-90.13475695746436
38.64882174496566,-90.13475741541778
38.64882058699597,-90.13475788722012
38.6488194298172,-90.13475837415052
38.64881827357297,-90.134758877247
38.64881711837747,-90.1347593972446
38.64881596431111,-90.13475993453592
38.64881481141812,-90.13476048915088
38.648813659705624,-90.13476106075206
38.64881250914399,-90.13476164864224
38.6488113596682,-90.13476225178276
38.64881021118043,-90.13476286882228
38.648809063553806,-90.1347634981379
38.64880791663781,-90.1347641378908
38.64880677026563,-90.13476478609984
38.64880562426356,-90.1347654407345
38.648804478462544,-90.13476609982708
38.64880333271147,-90.13476676160118
38.6488021868916,-90.13476742460912
38.64880104093083,-90.13476808786736
38.648799894816406,-90.13476875097533
38.64879874860424,-90.13476941420063
38.648797602423066,-90.1347700785136
38.64879645647187,-90.13477074555686
38.64879531100997,-90.1347714175436
38.64879416634004,-90.13477209708866
38.648793022786,-90.13477278699077
38.64879188066864,-90.13477348999491
38.64879074028244,-90.13477420856734
38.64878960187641,-90.13477494471158
38.64878846564093,-90.13477569984433
38.6487873317014,-90.13477647473768
38.64878620011822,-90.13477726952569
38.64878507089232,-90.13477808376372
38.64878394397453,-90.1347789165264
38.64878281927708,-90.13477976652744
38.64878169668591,-90.13478063224572
38.64878057607223,-90.13478151204475
38.64877945730258,-90.13478240427624
38.648778340246906,-90.13478330736244
38.6487772247845,-90.13478421985612
38.64877611080826,-90.13478514048006
38.64877499822752,-90.13478606815028
38.64877388697045,-90.13478700198904
38.6487727769863,-90.13478794133312
38.64877166824818,-90.13478888574288
38.64877056075674,-90.13478983501504
38.64876945454445,-90.13479078920072
38.64876834968051,-90.13479174862694
38.64876724627545,-90.13479271391782
38.64876614448454,-90.13479368600916
38.64876504450917,-90.13479466614892
38.64876394659468,-90.13479565587572
38.64876285102404,-90.1347966569679
38.64876175810638,-90.13479767135873
38.6487606681604,-90.13479870101604
38.64875958149299,-90.1347997477897
38.64875849837435,-90.1348008132356
38.64875741901157,-90.13480189843088
38.6487563435234,-90.13480300379958
38.648755271919654,-90.13480412897312
38.64875420408839,-90.134805272709
38.64875313979447,-90.13480643289132
38.64875207869135,-90.134807606627
38.64875102034666,-90.1348087904403
38.648749964279475,-90.1348099805485
38.64874891000446,-90.13481117318372
38.64874785707661,-90.13481236491408
38.64874680513034,-90.13481355291884
38.64874575390842,-90.13481473518546
38.6487447032787,-90.13481591061436
38.648743653238405,-90.13481707903236
38.648742603907785,-90.13481824112723
38.64874155551509,-90.13481939832236
38.64874050837563,-90.13482055261088
38.64873946286731,-90.13482170636952
38.64873841940452,-90.13482286216735
38.648737378412115,-90.13482402258268
38.64873634030051,-90.1348251900354
38.64873530544254,-90.13482636664126
38.64873427415281,-90.13482755408982
38.648733246669806,-90.13482875354909
38.64873222314163,-90.13482996559792
38.648731203616,-90.13483119018936
38.648730188035714,-90.13483242664816
38.64872917624048,-90.1348336737062
38.648728167976365,-90.13483492957975
38.64872716291327,-90.13483619208868
38.648726160670094,-90.13483745881445
38.64872516084602,-90.13483872728608
38.64872416305504,-90.13483999517707
38.64872316696005,-90.13484126049212
38.64872217230298,-90.13484252172468
38.64872117892821,-90.13484377797086
38.64872018679747,-90.13484502899144
38.648719195995135,-90.13484627521888
38.64871820672367,-90.13484751771016
38.6487172192895,-90.13484875804976
38.6487162340804,-90.1348499982114
38.64871525153652,-90.13485124039153
38.648714272118184,-90.13485248683232
38.64871329627375,-90.13485373965317
38.64871232441089,-90.13485500070684
38.648711356873136,-90.13485627147118
38.64871039392262,-90.13485755297916
38.6487094357286,-90.13485884578505
38.64870848236109,-90.13486014996074
38.64870753378855,-90.134861465115
38.64870658987883,-90.13486279042884
38.64870565040299,-90.1348641247026
38.64870471504217,-90.13486546641164
38.648703783397984,-90.13486681377086
38.648702855007315,-90.1348681648096
38.64870192936239,-90.13486951745884
38.648701005936736,-90.13487086965334
38.648700084216976,-90.13487221944813
38.64869916373955,-90.13487356514764
38.64869824413046,-90.13487490544033
38.6486973251447,-90.13487623952872
38.648696406701355,-90.13487756724076
38.64869548890921,-90.1348788891057
38.64869457207815,-90.13488020637789
38.648693656712,-90.1348815209944
38.648692743480886,-90.134882835461
38.64869183317424,-90.13488415267052
38.6486909266395,-90.13488547567384
38.648690024714725,-90.13488680743312
38.64868912816436,-90.1348881505907
38.64868823762639,-90.13488950728298
38.64868735357604,-90.13489087901796
38.64868647630824,-90.13489226662271
38.64868560593801,-90.13489367025775
38.648684742415846,-90.13489508948592
38.64868388555387,-90.13489652338085
38.64868303505821,-90.1348979706568
38.64868219056317,-90.13489942980384
38.648681351663576,-90.13490089921484
38.648680517942914,-90.13490237729408
38.64867968899577,-90.13490386254296
38.64867886444445,-90.13490535362038
38.64867804395049,-90.13490684938054
38.64867722722248,-90.13490834889257
38.648676414021914,-90.13490985144776
38.64867560416885,-90.13491135656112
38.64867479754873,-90.13491286397212
38.64867399412125,-90.13491437364937
38.648673193931266,-90.1349158858
38.64867239712095,-90.13491740088386
38.64867160394143,-90.1349189196283
38.64867081476163,-90.13492044303872
38.64867003007131,-90.13492197239772
38.648669250475486,-90.13492350924534
38.648668476677514,-90.13492505533378
38.64866770944906,-90.1349266125519
38.6486669495864,-90.1349281828176
38.648666197854304,-90.13492976794096
38.6486654549206,-90.13493136946596
38.64866472128676,-90.13493298850312
38.648663997221725,-90.1349346255718
38.648663282707545,-90.13493628047236
38.64866257740601,-90.13493795221176
38.6486618806547,-90.13493963900191
38.64866119149808,-90.13494133834551
38.64866050875465,-90.13494304721034
38.64865983111458,-90.13494476227754
38.64865915725508,-90.13494648023176
38.648658485956894,-90.13494819805028
38.64865781620533,-90.1349499132508
38.64865714726434,-90.13495162406844
38.64865647871826,-90.13495332954972
38.648655810481635,-90.13495502956526
38.6486551427814,-90.1349567247532
38.648654476118,-90.13495841641053
38.64865381121253,-90.1349601063512
38.648653148946416,-90.13496179674824
38.64865249029894,-90.13496348997424
38.648651836286575,-90.13496518844993
38.64865118790621,-90.1349668945074
38.64865054608353,-90.13496861027058
38.64864991162688,-90.1349703375535
38.64864928518646,-90.13497207777586
38.648648667219554,-90.13497383189566
38.64864805796247,-90.13497560035972
38.64864745741112,-90.13497738307464
38.64864686531289,-90.13497917940252
38.64864628117279,-90.13498098818704
38.64864570427686,-90.13498280781454
38.64864513373464,-90.13498463631376
38.64864456854025,-90.13498647149218
38.64864400764826,-90.13498831110093
38.64864345005749,-90.13499015301248
38.64864289489342,-90.13499199539268
38.64864234148053,-90.13499383684784
38.648641789397686,-90.1349956765338
38.64864123851208,-90.13499751421767
38.64864068898935,-90.13499935028936
38.64864014127919,-90.13500118572112
38.648639596077466,-90.13500302198
38.648639054267825,-90.13500486089882
38.6486385168481,-90.13500670451886
38.64863798484956,-90.1350085549204
38.64863745925772,-90.13501041405982
38.648636940942666,-90.13501228362952
38.648636430603986,-90.13501416495102
38.64863592873213,-90.13501605890454
38.64863543558547,-90.13501796589296
38.64863495118066,-90.13501988583464
38.64863447529344,-90.13502181817827
38.64863400746754,-90.13502376193377
38.648633547030045,-90.13502571571496
38.648633093113034,-90.13502767779246
38.64863264468221,-90.13502964615648
38.648632200574006,-90.13503161859234
38.64863175954296,-90.135033592771
38.64863132032053,-90.1350355663567
38.648630881685335,-90.13503753713202
38.64863044254282,-90.13503950313694
38.64863000201025,-90.13504146281495
38.6486295595001,-90.1350434151548
38.648629114792904,-90.13504535981198
38.64862866808899,-90.13504729719229
38.64862822002858,-90.13504922847903
38.648627771671535,-90.13505115558938
38.64862732443251,-90.1350530810522
38.648626879974486,-90.1350550078141
38.64862644007188,-90.13505693899334
38.6486260064614,-90.13505887761404
38.64862558070091,-90.13506082635688
38.64862516405395,-90.13506278735748
38.64862475741155,-90.13506476207236
38.64862436125569,-90.13506675122026
38.64862397566277,-90.13506875479509
38.64862360034043,-90.13507077213842
38.64862323468875,-90.13507280205532
38.64862287787563,-90.13507484295448
38.648622528916846,-90.13507689299604
38.648622186752874,-90.13507895023233
38.64862185031677,-90.13508101273092
38.64862151858989,-90.1350830786744
38.64862119064433,-90.1350851464342
38.648620865673394,-90.13508721462028
38.64862054301186,-90.1350892821106
38.64862022214945,-90.13509134806546
38.64861990274015,-90.13509341193202
38.648619584609946,-90.13509547344428
38.648619267764154,-90.13509753262096
38.64861895239444,-90.13509958976314
38.64861863888417,-90.13510164544972
38.648618327809366,-90.1351037005284
38.64861801993169,-90.13510575609722
38.64861771617969,-90.13510781347112
38.64861741761455,-90.13510987412876
38.64861712537781,-90.13511193963616
38.648616840620505,-90.13511401154533
38.648616564415505,-90.1351160912716
38.6486162976578,-90.13511817995516
38.648616040960945,-90.13512027831874
38.64861579456037,-90.13512238653637
38.64861555823668,-90.13512450413164
38.648615331272595,-90.13512662992429
38.64861511245587,-90.1351287620421
38.64861490013635,-90.13513089800944
38.64861469233785,-90.1351330349124
38.64861448691521,-90.1351351696262
38.64861428173624,-90.13513729907554
38.64861407486207,-90.13513942048964
38.6486138647,-90.1351415316154
38.64861365011148,-90.13514363086377
38.6486134304671,-90.13514571737902
38.64861320565038,-90.13514779103356
38.64861297601796,-90.13514985236054
38.648612742327394,-90.13515190244074
38.6486125056447,-90.13515394276236
38.648612267242825,-90.13515597507
38.64861202850032,-90.13515800121708
38.64861179080687,-90.13516002303174
38.64861155547971,-90.13516204220235
38.648611323693025,-90.13516406018545
38.648611096420424,-90.13516607813654
38.648610874390144,-90.1351680968623
38.648610658052235,-90.1351701167922
38.64861044755762,-90.13517213796804
38.64861024274974,-90.13517416005048
38.648610043170216,-90.13517618234262
38.64860984808092,-90.13517820383196
38.648609656504455,-90.13518022325124
38.64860946728407,-90.13518223915857
38.64860927916176,-90.13518425003448
38.64860909086972,-90.13518625438968
38.64860890122665,-90.135188250874
38.6486087092288,-90.13519023837516
38.6486085141259,-90.13519221609688
38.648608315475144,-90.13519418360964
38.64860811316912,-90.13519614087043
38.64860790743621,-90.13519808821164
38.64860769881408,-90.13520002630068
38.648607488098534,-90.13520195607444
38.64860727627198,-90.13520387865428
38.64860706441837,-90.1352057952496
38.64860685363328,-90.13520770705966
38.64860664493895,-90.13520961518394
38.64860643921256,-90.1352115205498
38.648606237132874,-90.13521342386228
38.64860603914693,-90.13521532557732
38.64860584545526,-90.1352172258962
38.648605656012634,-90.1352191247776
38.64860547054041,-90.135221021962
38.64860528854704,-90.13522291700428
38.648605109354094,-90.1352248093102
38.64860493212643,-90.13522669817488
38.64860475590616,-90.135228582821
38.64860457965114,-90.13523046243743
38.64860440227914,-90.13523233621795
38.64860422271843,-90.13523420340094
38.64860403996508,-90.13523606331056
38.64860385314557,-90.13523791539872
38.64860366158171,-90.13523975928616
38.64860346485269,-90.13524159479982
38.64860326284756,-90.13524342200212
38.64860305580001,-90.13524524120731
38.648602844297464,-90.13524705297952
38.6486026292579,-90.13524885810844
38.648602411871515,-90.13525065756151
38.64860219351004,-90.13525245241432
38.64860197561321,-90.13525424376716
38.64860175956725,-90.13525603265737
38.648601546591735,-90.13525781998035
38.64860133764926,-90.13525960642798
38.648601133386755,-90.13526139245116
38.64860093411171,-90.13526317824822
38.64860073980154,-90.13526496377716
38.64860055014015,-90.1352667487875
38.648600364574015,-90.13526853286568
38.6486001823789,-90.13527031548736
38.648600002729296,-90.135272096071
38.648599824763494,-90.13527387402728
38.648599647639465,-90.1352756488009
38.648599470578546,-90.13527741990238
38.64859929289594,-90.13527918692928
38.648599114018744,-90.135280949577
38.64859893349348,-90.13528270764054
38.648598750985734,-90.13528446100922
38.64859856627504,-90.13528620965644
38.648598379247645,-90.13528795362669
38.64859818988935,-90.13528969302156
38.648597998279904,-90.13529142798652
38.64859780458907,-90.135293158699
38.64859760907396,-90.13529488535842
38.64859741207589,-90.13529660817804
38.64859721401483,-90.135298327378
38.648597015378954,-90.13530004317892
38.648596816707055,-90.13530175579514
38.64859661856224,-90.13530346542714
38.64859642149637,-90.13530517225242
38.64859622600595,-90.13530687641496
38.64859603248217,-90.13530857801406
38.64859584115919,-90.13531027709308
38.648595652066525,-90.13531197363
38.648595464992425,-90.13531366753163
38.64859527946541,-90.13531535863297
38.64859509476037,-90.13531704670386
38.6485949099333,-90.1353187314634
38.64859472388454,-90.13532041260186
38.64859453544496,-90.13532208980828
38.6485943434739,-90.13532376279964
38.648594146954245,-90.13532543134772
38.64859394507093,-90.1353270952991
38.648593737263575,-90.13532875458624
38.64859352324941,-90.13533040922854
38.64859330301797,-90.13533205932448
38.64859307680219,-90.13533370503696
38.64859284503272,-90.13533534657417
38.64859260828235,-90.13533698416846
38.64859236720742,-90.13533861805602
38.64859212249144,-90.13534024845896
38.64859187479505,-90.1353418755713
38.648591624714754,-90.1353434995498
38.64859137275139,-90.13534512050968
38.64859111928852,-90.13534673852516
38.648590864579816,-90.13534835363424
38.648590608744485,-90.13534996584625
38.64859035176945,-90.13535157515196
38.64859009351751,-90.13535318153414
38.64858983374066,-90.13535478497772
38.6485895720983,-90.13535638547836
38.64858930818012,-90.13535798304858
38.64858904153312,-90.1353595777204
38.648588771691976,-90.13536116954478
38.64858849821079,-90.13536275858722
38.648588220693526,-90.13536434492087
38.64858793882011,-90.13536592861747
38.648587652365485,-90.1353675097376
38.64858736121017,-90.13536908832086
38.64858706534173,-90.13537066437785
38.64858676484765,-90.1353722378835
38.64858645990057,-90.1353738087738
38.648586150737394,-90.135375376945
38.648585837634016,-90.13537694225656
38.648585520878115,-90.13537850453662
38.64858520074264,-90.1353800635898
38.648584877462675,-90.13538161920638
38.64858455121785,-90.13538317117192
38.648584222121464,-90.13538471927636
38.64858389021652,-90.13538626332284
38.64858355547791,-90.13538780313549
38.648583217819514,-90.13538933856633
38.64858287710468,-90.13539086950148
38.648582533158695,-90.13539239586623
38.648582185781834,-90.13539391762872
38.648581834762055,-90.1353954348018
38.648581479886616,-90.13539694744289
38.64858112095228,-90.13539845565042
38.64858075777388,-90.13539995955708
38.64858039019137,-90.1354014593191
38.64858001807535,-90.13540295510158
38.64857964133124,-90.13540444706057
38.648579259901936,-90.13540593532235
38.64857887376897,-90.13540741996246
38.648578482951784,-90.13540890098548
38.648578087504895,-90.13541037830888
38.64857768751253,-90.1354118517535
38.64857728308071,-90.13541332104236
38.648576874326885,-90.13541478580976
38.6485764613677,-90.1354162456202
38.64857604430625,-90.13541769999486
38.648575623220125,-90.13541914844238
38.64857519815185,-90.13542059048947
38.64857476910299,-90.1354220257075
38.64857433603227,-90.1354234537326
38.648573898858025,-90.135424874278
38.64857345746421,-90.13542628713894
38.648573011709374,-90.13542769219076
38.64857256143745,-90.13542908938248
38.64857210648926,-90.13543047872716
38.64857164671375,-90.13543186029086
38.64857118197787,-90.13543323418128
38.64857071217451,-90.1354346005372
38.648570237227595,-90.1354359595181
38.6485697570941,-90.13543731129457
38.64856927176267,-90.13543865603783
38.648568781248755,-90.13543999390868
38.64856828558656,-90.13544132504369
38.64856778481806,-90.13544264953948
38.64856727897979,-90.13544396743448
38.648566768088294,-90.13544527868862
38.64856625212533,-90.13544658316268
38.648565731024085,-90.13544788059932
38.64856520465792,-90.13544917060815
38.64856467283305,-90.13545045265803
38.64856413528667,-90.1354517260798
38.64856359169162,-90.13545299008138
38.64856304166842,-90.13545424377814
38.64856248480476,-90.13545548623811
38.64856192068199,-90.13545671654131
38.648561348906895,-90.13545793384972
38.64856076914653,-90.1354591374826
38.64856018116262,-90.13546032698989
38.64855958484161,-90.135461502214
38.648558980215824,-90.13546266333124
38.6485583674719,-90.13546381086314
38.64855774694315,-90.13546494565152
38.64855711908503,-90.13546606879557
38.64855648443548,-90.13546718155588
38.64855584356521,-90.13546828523782
38.64855519702497,-90.13546938107068
38.64855454529699,-90.1354704700996
38.648553888756005,-90.13547155310212
38.64855322764273,-90.1354726305358
38.648552562050206,-90.13547370251672
38.648551891922,-90.13547476882596
38.648551217060216,-90.13547582893796
38.64855053714096,-90.13547688206506
38.64854985173526,-90.13547792721208
38.64854916033364,-90.1354789632366
38.6485484623733,-90.13547998891175
38.64854775726731,-90.13548100298982
38.648547044435205,-90.1354820042652
38.64854632333486,-90.13548299163676
38.64854559349497,-90.13548396416851
38.648544854547,-90.13548492114688
38.64854410625484,-90.13548586213186
38.64854334853981,-90.13548678699829
38.64854258149779,-90.1354876959616
38.64854180540525,-90.1354885895825
38.64854102071109,-90.13548946874504
38.64854022801224,-90.13549033460475
38.6485394280129,-90.13549118850663
38.64853862147007,-90.1354920318781
38.64853780913062,-90.1354928661068
38.648536991667335,-90.1354936924174
38.648536169620705,-90.13549451175996
38.6485353433527,-90.13549532472103
38.64853451301619,-90.13549613146532
38.6485336785427,-90.13549693171164
38.64853283964955,-90.13549772474629
38.648531995866065,-90.13549850947226
38.64853114657682,-90.13549928449142
38.648530291077826,-90.13550004821126
38.64852942863932,-90.1355007989652
38.648528558568,-90.1355015351328
38.64852768026217,-90.13550225524776
38.648526793255385,-90.13550295808584
38.6485258972472,-90.1355036427297
38.64852499212125,-90.13550430861105
38.648524077952594,-90.13550495553385
38.64852315500662,-90.13550558368183
38.64852222373134,-90.13550619361368
38.64852128474447,-90.13550678624706
38.648520338815466,-90.13550736283212
38.648519386842175,-90.13550792491117
38.648518429820896,-90.1355084742629
38.64851746880852,-90.13550901282694
38.64851650487608,-90.13550954260718
38.64851553905349,-90.13551006555367
38.64851457226734,-90.13551058342672
38.64851360527473,-90.13551109764995
38.64851263859887,-90.1355116091652
38.6485116724731,-90.13551211830344
38.64851070680169,-90.13551262469122
38.64850974114566,-90.13551312720996
38.648508774740215,-90.13551362402386
38.64850780654695,-90.13551411268396
38.648506835338466,-90.13551459030332
38.64850585980626,-90.13551505378528
38.6485048786778,-90.13551550007344
38.648503890826575,-90.13551592638984
38.64850289536139,-90.13551633043036
38.64850189168587,-90.1355167104984
38.64850087952467,-90.13551706556872
38.64849985891819,-90.13551739528474
38.64849883019083,-90.13551769989996
38.64849779390034,-90.13551798017951
38.64849675077647,-90.13551823727902
38.64849570165661,-90.13551847261652
38.648494647424954,-90.1355186877515
38.648493588959944,-90.13551888428007
38.64849252709264,-90.1355190637512
38.64849146257701,-90.13551922760516
38.64849039607122,-90.13551937713136
38.64848932812808,-90.13551951344014
38.64848825919198,-90.1355196374428
38.6484871895993,-90.13551974983248
38.64848611958001,-90.1355198510612
38.64848504925827,-90.13551994131
38.64848397865132,-90.1355200204514
38.64848290766668,-90.13552008800728
38.64848183609893,-90.13552014310824
38.64848076362824,-90.13552018446308
38.64847968982344,-90.13552021034826
38.64847861415264,-90.13552021862849
38.64847753600416,-90.13552020681752
38.64847645471959,-90.13552017218612
38.648475369639755,-90.13552011191877
38.64847428016211,-90.13552002331504
38.648473185806466,-90.13551990402442
38.6484720862834,-90.13551975229534
38.64847098155802,-90.13551956721264
38.64846987190006,-90.13551934889256
38.64846875791116,-90.13551909860216
38.64846764052099,-90.13551881877322
38.648466520946826,-90.13551851289024
38.64846540061637,-90.13551818524856
38.64846428106045,-90.1355178406035
38.6484631637898,-90.13551748375518
38.648462050173805,-90.13551711913009
38.64846094133891,-90.13551675041774
38.64845983809843,-90.13551638030452
38.64845874091896,-90.13551601032373
38.64845764992208,-90.1355156408206
38.648456564915726,-90.13551527101632
38.64845548544734,-90.13551489914818
38.64845441087025,-90.1355145226598
38.64845334041514,-90.13551413841856
38.64845227326021,-90.13551374294045
38.648451208595006,-90.1355133326091
38.648450145675014,-90.1355129038804
38.64844908386552,-90.13551245346892
38.64844802267462,-90.13551197851476
38.6484469617759,-90.13551147673031
38.64844590102171,-90.13551094652594
38.64844484044763,-90.13551038711044
38.6484437802688,-90.1355097985602
38.648442720867834,-90.13550918184704
38.64844166277404,-90.135508538814
38.648440606633606,-90.1355078720886
38.648439553170775,-90.13550718492692
38.648438503141456,-90.13550648099056
38.64843745728216,-90.13550576407016
38.648436416259194,-90.13550503778096
38.6484353806236,-90.13550430526406
38.6484343507767,-90.1355035689246
38.64843332694966,-90.13550283023297
38.64843230919811,-90.1355020896046
38.64843129741182,-90.13550134636756
38.648430291337824,-90.13550059882044
38.648429290614864,-90.13549984437677
38.648428294815744,-90.1354990797856
38.648427303493655,-90.1354983014076
38.64842631622753,-90.13549750551886
38.64842533266153,-90.13549668860918
38.6484243525348,-90.13549584764604
38.64842337569906,-90.13549498028397
38.64842240212394,-90.13549408501088
38.64842143189092,-90.13549316123262
38.64842046517849,-90.13549220930112
38.648419502241,-90.13549123049548
38.64841854338416,-90.13549022696309
38.64841758893976,-90.13548920162609
38.648416639241766,-90.1354881580559
38.64841569460536,-90.13548710031534
38.64841475531008,-90.13548603276736
38.64841382158747,-90.13548495985026
38.64841289361364,-90.13548388582196
38.648411971506306,-90.13548281448132
38.648411055326186,-90.13548174888076
38.64841014508205,-90.13548069105238
38.64840924073909,-90.13547964177556
38.64840834222976,-90.13547860041876
38.64840744946659,-90.13547756488806
38.64840656235616,-90.13547653170882
38.648405680813305,-90.13547549625171
38.6484048047746,-90.13547445309236
38.64840393421,-90.1354733964662
38.6484030691315,-90.13547232075916
38.648402209598046,-90.13547122096767
38.64840135571634,-90.13547009307057
38.64840050763748,-90.13546893427626
38.64839966555013,-90.13546774313112
38.648398829670704,-90.13546651949636
38.648398000231765,-90.13546526441556
38.64839717746941,-90.135463979904
38.64839636161063,-90.13546266869392
38.64839555286152,-90.13546133396812
38.64839475139708,-90.13545997910867
38.64839395735324,-90.1354586074803
38.64839317082176,-90.13545722225923
38.64839239184847,-90.13545582631112
38.64839162043515,-90.13545442211417
38.64839085654555,-90.13545301171882
38.64839010011531,-90.1354515967332
38.64838935106603,-90.13545017832143
38.64838860932272,-90.13544875720484
38.64838787483407,-90.1354473336576
38.64838714759427,-90.13544590749412
38.6483864276648,-90.13544447804838
38.64838571519425,-90.13544304415193
38.64838501043393,-90.1354416041199
38.648384313746824,-90.13544015575832
38.648383625607856,-90.13543869640571
38.64838294659322,-90.13543722302192
38.648382277358,-90.13543573233248
38.648381618601455,-90.1354342210315
38.64838097102152,-90.13543268603796
38.64838033526073,-90.13543112479049
38.64837971184821,-90.13542953555648
38.64837910114305,-90.1354279177225
38.64837850328622,-90.13542627202578
38.64837791816815,-90.1354246006857
38.64837734541887,-90.13542290739709
38.64837678442544,-90.1354211971609
38.648376234378176,-90.13541947594967
38.64837569434184,-90.1354177502369
38.648375163342685,-90.13541602645118
38.64837464045893,-90.13541431043562
38.64837412490209,-90.13541260698912
38.64837361608016,-90.1354109195437
38.64837311363787,-90.13540925000048
38.648372617473825,-90.13540759872032
38.6483721277368,-90.13540596464507
38.6483716448055,-90.13540434551632
38.64837116925624,-90.13540273815472
38.64837070182281,-90.135401138766
38.64837024335195,-90.13539954324634
38.64836979475668,-90.13539794746612
38.64836935696908,-90.13539634752064
38.64836893089297,-90.1353947399412
38.648368517357234,-90.13539312186631
38.648368117070085,-90.13539149117403
38.64836773057565,-90.1353898465779
38.6483673582148,-90.13538818768676
38.648367000093266,-90.13538651502708
38.64836665606102,-90.13538483002232
38.64836632570706,-90.13538313492444
38.64836600837383,-90.13538143268974
38.64836570319391,-90.1353797267976
38.64836540914917,-90.13537802101555
38.648365125148786,-90.13537631912529
38.64836485011883,-90.13537462463506
38.64836458309361,-90.13537294050928
38.64836432329895,-90.1353712689438
38.64836407021946,-90.13536961120788
38.64836382364408,-90.13536796756506
38.64836358368633,-90.13536633727578
38.648363350777416,-90.13536471868096
38.64836312563222,-90.13536310935822
38.64836290919058,-90.1353615063379
38.64836270253919,-90.13535990635816
38.64836250682263,-90.13535830613291
38.648362323153385,-90.1353567026033
38.648362152529835,-90.13535509314823
38.648361995768376,-90.13535347573875
38.64836185345209,-90.13535184903162
38.64836172589553,-90.13535021240642
38.64836161312365,-90.13534856595628
38.648361514862216,-90.13534691044366
38.64836143053802,-90.13534524723224
38.64836135928789,-90.13534357820387
38.64836129997738,-90.13534190566492
38.64836125123089,-90.13534023224427
38.648361211475866,-90.13533856078116
38.6483611790037,-90.13533689420056
38.64836115204901,-90.13533523537352
38.64836112888702,-90.13533358696176
38.64836110794602,-90.13533195125
38.64836108792869,-90.13533032997374
38.64836106793229,-90.13532872415584
38.64836104755483,-90.13532713396977
38.64836102697212,-90.13532555865116
38.648361006970745,-90.13532399647852
38.64836098892439,-90.13532244484108
38.648360974707465,-90.1353209004006
38.648360966550065,-90.13531935934006
38.64836096684955,-90.13531781767264
38.64836097796424,-90.13531627157116
38.648361002017296,-90.13531471767313
38.64836104073584,-90.13531315332344
38.64836109534139,-90.1353115767304
38.648361166498205,-90.13530998702652
38.648361254316946,-90.13530838424002
38.64836135840493,-90.1353067691924
38.64836147794996,-90.13530514334428
38.648361611823645,-90.13530350861268
38.64836175869059,-90.13530186718202
38.64836191711227,-90.13530022132774
38.64836208563741,-90.13529857326532
38.64836226287422,-90.13529692503312
38.64836244754325,-90.13529527841116
38.648362638512346,-90.13529363487392
38.64836283481751,-90.13529199557166
38.64836303567439,-90.13529036133252
38.648363240485445,-90.1352887326776
38.64836344884717,-90.13528710984096
38.648363660560406,-90.13528549278884
38.64836387564458,-90.13528388123444
38.64836409435494,-90.13528227464704
38.648364317199295,-90.13528067225772
38.6483645449492,-90.13527907306594
38.64836477863922,-90.13527747585243
38.64836501954758,-90.1352758792056
38.648365269152364,-90.13527428156767
38.64836552905888,-90.13527268130508
38.64836580089748,-90.13527107680471
38.64836608619429,-90.13526946659444
38.64836638622257,-90.13526784948058
38.64836670184694,-90.1352662246912
38.64836703337705,-90.13526459200922
38.64836738045061,-90.13526295187624
38.64836774196653,-90.13526130544749
38.648368116086864,-90.13525965457976
38.64836850032006,-90.13525800174097
38.6483688916865,-90.1352563498408
38.64836928695214,-90.13525470199744
38.64836968289986,-90.13525306127048
38.64837007659866,-90.13525143039976
38.64837046563243,-90.13524981158722
38.64837084826146,-90.13524820634808
38.6483712235051,-90.1352466154413
38.648371591147736,-90.13524503887672
38.648371951679415,-90.13524347598582
38.648372306187994,-90.13524192553923
38.64837265622077,-90.13524038589188
38.648373003632415,-90.13523885513848
38.64837335043311,-90.13523733126516
38.64837369864698,-90.13523581228708
38.64837405018696,-90.13523429636562
38.648374406749255,-90.1352327819022
38.64837476972775,-90.13523126760896
38.64837514014788,-90.13522975255772
38.64837551861891,-90.13522823620907
38.64837590530445,-90.1352267184234
38.64837629991197,-90.13522519945502
38.648376701703874,-90.13522367992866
38.6483771095327,-90.13522216079755
38.64837752190394,-90.13522064328184
38.648377937067345,-90.13521912878689
38.64837835313498,-90.13521761880394
38.648378768218386,-90.13521611479922
38.64837918057269,-90.13521461810116
38.64837958873225,-90.1352131297976
38.6483799916236,-90.13521165065389
38.64838038864534,-90.13521018105898
38.64838077970899,-90.13520872100337
38.64838116523851,-90.13520727008928
38.64838154612957,-90.13520582757155
38.648381923671515,-90.13520439242548
38.64838229943872,-90.13520296343576
38.64838267516106,-90.13520153929832
38.64838305258641,-90.13520011872524
38.64838343334967,-90.1351987005413
38.64838381886051,-90.13519728376306
38.64838421021807,-90.13519586765536
38.648384608155474,-90.13519445176271
38.64838501301307,-90.13519303591794
38.6483854247366,-90.1351916202312
38.64838584289579,-90.1351902050643
38.64838626671883,-90.13518879099428
38.64838669513956,-90.13518737877024
38.64838712685514,-90.13518596926563
38.64838756039364,-90.13518456342804
38.648387994191154,-90.13518316222655
38.64838842667864,-90.13518176659797
38.64838885637727,-90.13518037739152
38.64838928199985,-90.1351789953141
38.648389702553295,-90.13517762087756
38.64839011743482,-90.1351762543522
38.64839052651185,-90.13517489573093
38.6483909301744,-90.1351735447094
38.64839132934852,-90.13517220068812
38.64839172546155,-90.13517086280046
38.64839212035546,-90.13516952996794
38.64839251615246,-90.13516820098016
38.648392915087165,-90.13516687459104
38.64839331932685,-90.13516554961886
38.64839373080423,-90.1351642250376
38.64839415108326,-90.1351629000478
38.64839458127135,-90.13516157412016
38.6483950219825,-90.13516024701023
38.64839547334864,-90.1351589187457
38.64839593507062,-90.1351575895916
38.648396406497405,-90.13515626000012
38.64839688672072,-90.13515493055256
38.64839737467333,-90.13515360189972
38.64839786922124,-90.13515227470688
38.648398369242585,-90.13515094960708
38.64839887368939,-90.13514962716565
38.64839938163118,-90.13514830785614
38.64839989228184,-90.13514699204788
38.6484004050129,-90.13514568000272
38.64840091935781,-90.13514437187958
38.64840143501137,-90.13514306774368
38.64840195182864,-90.1351417675783
38.64840246982602,-90.13514047129716
38.64840298918597,-90.13513917875548
38.64840351026485,-90.13513788975972
38.64840403360176,-90.13513660407504
38.64840455992459,-90.13513532143168
38.64840509014872,-90.13513404153105
38.64840562536302,-90.13513276405284
38.64840616679878,-90.13513148866436
38.64840671577803,-90.13513021503344
38.648407273640125,-90.13512894284489
38.64840784164845,-90.13512767182104
38.64840842088232,-90.13512640174474
38.6484090121231,-90.13512513248294
38.648409615746466,-90.13512386400832
38.64841023163552,-90.1351225964154
38.64841085913013,-90.13512132992749
38.64841149702644,-90.13512006489158
38.648412143635845,-90.13511880175903
38.64841279690486,-90.1351175410523
38.64841345458532,-90.13511628332044
38.648414114433216,-90.13511502908958
38.64841477440678,-90.13511377881532
38.64841543283592,-90.13511253284425
38.648416088543165,-90.13511129138902
38.64841674090769,-90.13511005451905
38.64841738987351,-90.1351088221653
38.64841803591032,-90.13510759413724
38.64841867993866,-90.13510637014792
38.64841932323244,-90.1351051498434
38.64841996731061,-90.13510393283362
38.64842061382774,-90.13510271872104
38.64842126447044,-90.13510150712597
38.64842192086376,-90.1351002977065
38.6484225844895,-90.1350990901732
38.64842325661682,-90.1350978842984
38.64842393824467,-90.13509667992058
38.648424630055885,-90.13509547694473
38.64842533238354,-90.13509427533911
38.64842604519115,-90.1350930751295
38.64842676806977,-90.13509187639104
38.648427500255586,-90.1350906792383
38.64842824067161,-90.13508948381364
38.64842898799547,-90.13508829027424
38.64842974075233,-90.13508709877829
38.64843049742725,-90.1350859094711
38.64843125658664,-90.13508472247231
38.64843201699575,-90.13508353786548
38.64843277771962,-90.1350823556913
38.648433538198134,-90.13508117594456
38.64843429828923,-90.1350799985754
38.648435058277514,-90.1350788234942
38.64843581884797,-90.13507765057945
38.64843658102685,-90.1350764796878
38.6484373460944,-90.13507531066588
38.6484381154777,-90.13507414336178
38.64843889063479,-90.13507297763589
38.64843967294293,-90.1350718133697
38.648440463601816,-90.13507065047166
38.64844126355914,-90.13506948887972
38.64844207346061,-90.13506832856076
38.648442893623056,-90.13506716950734
38.648443724027125,-90.13506601173202
38.648444564324805,-90.13506485526074
38.64844541385812,-90.1350637001254
38.64844627168616,-90.13506254635683
38.64844713661957,-90.13506139397856
38.64844800726294,-90.13506024300196
38.6484488820668,-90.13505909342295
38.648449759391326,-90.13505794522086
38.6484506375832,-90.13505679835868
38.64845151506571,-90.13505565278552
38.648452390439786,-90.13505450844023
38.6484532625906,-90.13505336525634
38.64845413079145,-90.13505222316732
38.64845499479339,-90.13505108211233
38.648455854887544,-90.13504994204102
38.64845671192678,-90.13504880291772
38.64845756729579,-90.1350476647236
38.6484584228247,-90.13504652745716
38.64845928064994,-90.1350453911329
38.64846014303739,-90.13504425577794
38.64846101219095,-90.13504312142776
38.64846189007279,-90.13504198812116
38.64846277825782,-90.13504085589562
38.64846367783714,-90.135039724783
38.64846458937571,-90.13503859480656
38.64846551292185,-90.1350374659788
38.64846644805958,-90.13503633830057
38.6484673939918,-90.13503521176108
38.64846834964072,-90.13503408633854
38.64846931375296,-90.13503296200145
38.648470284998666,-90.13503183871003
38.648471262057,-90.13503071641787
38.64847224368361,-90.13502959507358
38.64847322875874,-90.13502847462226
38.6484742163175,-90.13502735500732
38.64847520556538,-90.135026236172
38.648476195883624,-90.13502511806126
38.64847718682915,-90.1350240006237
38.648478178133175,-90.13502288381392
38.6484791697017,-90.13502176759484
38.64848016161926,-90.13502065194032
38.64848115415549,-90.13501953683748
38.648482147772526,-90.13501842228892
38.648483143129134,-90.13501730831388
38.64848414107709,-90.13501619494876
38.64848514264427,-90.13501508224584
38.64848614900012,-90.13501397027076
38.648487161399714,-90.1350128590978
38.64848818110589,-90.13501174880363
38.64848920929104,-90.13501063945938
38.6484902469245,-90.13500953112153
38.648491294654654,-90.1350084238228
38.64849235269866,-90.13500731756352
38.64849342075493,-90.13500621230492
38.64849449795422,-90.13500510796533
38.64849558286383,-90.13500400442062
38.648496673554135,-90.1350029015094
38.64849776772826,-90.1350017990427
38.64849886290371,-90.13500069681784
38.64849995662232,-90.13499959463424
38.64850104665766,-90.13499849230878
38.648502131190426,-90.13499738968906
38.64850320893107,-90.1349962866622
38.64850427918099,-90.13499518315916
38.64850534183404,-90.13499407915444
38.6485063973274,-90.13499297466196
38.648507446555016,-90.13499186972786
38.64850849075756,-90.13499076442194
38.64850953140227,-90.13498965882827
38.64851057006354,-90.13498855303598
38.64851160831201,-90.13498744713112
38.64851264761747,-90.1349863411898
38.64851368926781,-90.134985235273
38.64851473430459,-90.1349841294228
38.64851578347494,-90.13498302366054
38.6485168371988,-90.13498191798595
38.648517895551336,-90.13498081237782
38.648518958261,-90.1349797067955
38.648520024724434,-90.13497860118154
38.64852109404013,-90.13497749546484
38.648522165062424,-90.13497638956474
38.64852323647628,-90.13497528339552
38.64852430689035,-90.13497417687134
38.64852537494239,-90.1349730699111
38.64852643940691,-90.13497196244302
38.648527499293294,-90.13497085440824
38.64852855392329,-90.13496974576331
38.64852960297988,-90.13496863648106
38.64853064652346,-90.13496752655024
38.648531684974486,-90.13496641597374
38.64853271906462,-90.1349653047656
38.64853374976163,-90.13496419294763
38.64853477817598,-90.13496308054506
38.64853580545966,-90.13496196758273
38.648536832708835,-90.13496085408136
38.648537860880175,-90.1349597400548
38.648538890727345,-90.134958625508
38.64853992276,-90.13495751043622
38.64854095722448,-90.13495639482488
38.648541994102814,-90.13495527865042
38.64854303312607,-90.13495416188174
38.64854407379803,-90.1349530444818
38.648545115425776,-90.13495192640956
38.64854615715508,-90.13495080762203
38.64854719800957,-90.13494968807596
38.6485482369337,-90.13494856772948
38.64854927284005,-90.13494744654358
38.648550304661455,-90.13494632448314
38.64855133140788,-90.13494520151777
38.64855235222685,-90.1349440776223
38.64855336646452,-90.13494295277712
38.6485543737228,-90.13494182696802
38.64855537390629,-90.13494070018582
38.648556367251786,-90.1349395724257
38.648557354333064,-90.13493844368604
38.64855833603509,-90.1349373139672
38.64855931349526,-90.13493618326989
38.64856028801469,-90.1349350515933
38.64856126094866,-90.1349339189336
38.648562233590496,-90.13493278528236
38.64856320706445,-90.13493165062532
38.64856418224092,-90.13493051494204
38.64856515968259,-90.13492937820564
38.64856613962415,-90.1349282403834
38.648567121983824,-90.134927101438
38.64856810640097,-90.13492596132866
38.64856909229226,-90.1349248200132
38.64857007891787,-90.13492367744976
38.64857106545003,-90.13492253359878
38.64857205103718,-90.13492138842486
38.648573034858806,-90.1349202418982
38.6485740161681,-90.13491909399572
38.64857499432117,-90.13491794470193
38.64857596879343,-90.13491679400845
38.648576939184714,-90.13491564191374
38.64857790521558,-90.13491448842132
38.6485788667177,-90.13491333353758
38.64857982362086,-90.13491217726867
38.64858077593899,-90.13491101961696
38.648581723756955,-90.13490986057695
38.64858266721874,-90.13490870013118
38.64858360651754,-90.13490753824632
38.64858454188687,-90.13490637486996
38.64858547359175,-90.13490520992868
38.64858640191868,-90.13490404332757
38.64858732716283,-90.13490287495172
38.648588249611734,-90.13490170467036
38.648589169524755,-90.13490053234266
38.64859008710897,-90.13489935782634
38.64859100249273,-90.13489818098768
38.64859191569927,-90.1348970017125
38.64859282662376,-90.13489581991712
38.64859373501754,-90.13489463555791
38.64859464048359,-90.13489344863792
38.64859554248645,-90.13489225920968
38.648596440378704,-90.13489106737268
38.6485973334432,-90.13488987326552
38.648598220947214,-90.13488867705315
38.648599102201416,-90.1348874789111
38.648599976614605,-90.1348862790084
38.648600843736205,-90.13488507749214
38.648601703281074,-90.13488387447488
38.64860255513504,-90.13488267002612
38.64860339934261,-90.13488146416782
38.64860423608037,-90.13488025687371
38.64860506562092,-90.13487904807178
38.64860588829245,-90.13487783764909
38.64860670443836,-90.13487662545828
38.6486075143812,-90.13487541132554
38.648608318393535,-90.13487419505924
38.64860911667767,-90.1348729764594
38.648609909354995,-90.1348717553277
38.64861069646465,-90.13487053147794
38.648611477970576,-90.13486930474696
38.648612253775376,-90.1348680750052
38.64861302373895,-90.13486684216667
38.64861378769966,-90.13486560619764
38.648614545495725,-90.13486436712208
38.64861529698475,-90.13486312502413
38.648616042059295,-90.13486188004534
38.64861678065707,-90.1348606323766
38.64861751276482,-90.13485938224456
38.64861823841563,-90.13485812989344
38.648618957680206,-90.13485687556378
38.648619670653545,-90.13485561947104
38.64862037743845,-90.13485436178584
38.64862107812789,-90.13485310261818
38.6486217727882,-90.13485184200692
38.64862246144476,-90.13485057991524
38.64862314407188,-90.1348493162329
38.648623820588185,-90.13484805078453
38.64862449085799,-90.13484678334392
38.64862515469858,-90.13484551365292
38.64862581189229,-90.13484424144218
38.648626462201754,-90.13484296645233
38.64862710538656,-90.13484168845258
38.648627741219975,-90.13484040725596
38.64862836950482,-90.13483912273009
38.648628990088184,-90.1348378348039
38.648629602874635,-90.13483654347124
38.648630207837854,-90.1348352487912
38.64863080503011,-90.13483395088656
38.64863139458907,-90.13483264994038
38.64863197674072,-90.13483134619074
38.64863255179755,-90.13483003992329
38.648633120150414,-90.13482873146138
38.64863368225334,-90.13482742115325
38.648634238600465,-90.13482610935536
38.6486347896954,-90.13482479641306
38.64863533601403,-90.13482348263766
38.648635877963024,-90.13482216828244
38.64863641583749,-90.13482085351886
38.64863694978214,-90.13481953841548
38.64863747976124,-90.13481822292296
38.64863800554244,-90.13481690686793
38.648638526698825,-90.13481558995832
38.648639042631665,-90.13481427180116
38.648639552612885,-90.1348129519323
38.64864005584257,-90.13481162985488
38.64864055151371,-90.13481030508105
38.64864103887511,-90.1348089771718
38.64864151728445,-90.13480764576936
38.648641986246155,-90.13480631061914
38.6486424454318,-90.13480497157998
38.64864289468351,-90.13480362862308
38.64864333400307,-90.13480228182168
38.64864376353045,-90.13480093133396
38.64864418351625,-90.13479957738208
38.64864459429184,-90.13479822023022
38.64864499624085,-90.13479686016376
38.64864538977396,-90.13479549747116
38.64864577530831,-90.13479413242966
38.64864615325143,-90.1347927652949
38.648646523988816,-90.13479139629383
38.64864688787362,-90.13479002562056
38.648647245216615,-90.13478865343366
38.64864759627481,-90.1347872798542
38.64864794123733,-90.13478590496362
38.64864828020821,-90.1347845288004
38.648648613186424,-90.13478315135607
38.64864894004481,-90.13478177257032
38.64864926051018,-90.13478039232626
38.64864957414824,-90.13477901044712
38.64864988035692,-90.13477762669558
38.64865017837228,-90.1347762407774
38.64865046729022,-90.13477485235094
38.64865074610636,-90.13477346104294
38.64865101377478,-90.13477206647148
38.648651269283754,-90.13477066827502
38.64865151174427,-90.13476926614617
38.64865174048418,-90.1347678598671
38.64865195513833,-90.13476644934325
38.64865215572295,-90.13476503463048
38.648652342682254,-90.1347636159512
38.64865251689578,-90.13476219369498
38.648652679638744,-90.13476076840097
38.64865283249381,-90.13475934072142
38.6486529772215,-90.1347579113698
38.6486531156057,-90.13475648105968
38.648653249296366,-90.13475505044347
38.64865337967133,-90.1347536200599
38.64865350773289,-90.13475219029549
38.648653634047065,-90.13475076136396
38.64865375872566,-90.13474933330264
38.64865388144633,-90.13474790598356
38.64865400150291,-90.1347464791364
38.64865411787721,-90.13474505237916
38.64865422932403,-90.1347436252528
38.64865433446247,-90.13474219725748
38.648654431867946,-90.13474076788737
38.6486545201613,-90.13473933666312
38.64865459809213,-90.13473790316066
38.64865466461429,-90.13473646703572
38.64865471895158,-90.1347350280438
38.64865476065097,-90.1347335860551
38.64865478962017,-90.1347321410634
38.64865480614552,-90.13473069318852
38.648654810885915,-90.13472924267116
38.648654804838856,-90.13472778985914
38.64865478927682,-90.13472633518496
38.64865476565501,-90.1347248791354
38.64865473549675,-90.13472342221486
38.64865470026726,-90.13472196490646
38.64865466124938,-90.13472050763475
38.64865461943465,-90.1347190507344
38.64865457543972,-90.13471759442749
38.64865452945486,-90.13471613881148
38.64865448122802,-90.13471468385832
38.64865443008535,-90.13471322942442
38.648654374986585,-90.13471177527092
38.64865431461062,-90.13471032109224
38.648654247463305,-90.13470886655008
38.64865417199571,-90.13470741130944
38.64865408671994,-90.13470595507228
38.64865399031091,-90.13470449760548
38.64865388168666,-90.1347030387609
38.648653760064434,-90.13470157848688
38.64865362499371,-90.13470011683158
38.64865347636975,-90.1346986539398
38.64865331443162,-90.1346971900448
38.64865313974868,-90.13469572545664
38.64865295319761,-90.13469426054878
38.648652755930776,-90.13469279574328
38.64865254933503,-90.13469133149562
38.64865233497879,-90.13468986827856
38.64865211454513,-90.1346884065655
38.64865188974912,-90.13468694681266
38.648651662239445,-90.13468548944034
38.64865143348686,-90.13468403481352
38.64865120466535,-90.13468258322276
38.64865097653547,-90.13468113486684
38.64865074934237,-90.13467968983925
38.64865052274321,-90.13467824812074
38.648650295778815,-90.1346768095804
38.64865006690174,-90.13467537398697
38.64864983406665,-90.13467394103084
38.64864959487904,-90.13467251035608
38.64864934678624,-90.1346710815986
38.6486490872857,-90.1346696544259
38.64864881412155,-90.13466822857332
38.64864852544513,-90.13466680387158
38.64864821992304,-90.13466538026373
38.64864789678669,-90.13466395780976
38.64864755582619,-90.1346625366805
38.6486471973378,-90.1346611171417
38.64864682203817,-90.13465969953224
38.64864643095984,-90.1346582842382
38.6486460253416,-90.13465687166662
38.64864560652505,-90.13465546222054
38.648645175865255,-90.13465405627797
38.64864473465994,-90.13465265417548
38.648644284098125,-90.13465125619754
38.64864382522626,-90.13464986257137
38.6486433589277,-90.13464847346744
38.64864288591042,-90.13464708900476
38.648642406697576,-90.13464570926024
38.648641921616445,-90.13464433428084
38.64864143078284,-90.13464296409812
38.64864093408022,-90.13464159874326
38.64864043113513,-90.13464023826212
38.648639921292926,-90.13463888272886
38.648639403599944,-90.13463753225756
38.6486388767992,-90.13463618701024
38.64863833934754,-90.13463484720128
38.648637789460906,-90.13463351309676
38.6486372251927,-90.13463218500918
38.648636644546634,-90.1346308632865
38.648636045621075,-90.13462954829684
38.64863542677682,-90.13462824040892
38.64863478681458,-90.13462693996998
38.64863412514364,-90.13462564728287
38.64863344191928,-90.13462436258496
38.64863273812553,-90.13462308603084
38.64863201558158,-90.13462181768216
38.64863127685744,-90.13462055750624
38.64863052509639,-90.1346193053846
38.648629763759494,-90.13461806113108
38.648628996325094,-90.13461682451754
38.64862822598707,-90.13461559530312
38.64862745539458,-90.1346143732641
38.64862668646344,-90.13461315822045
38.648625920272394,-90.13461195005776
38.64862515704324,-90.13461074874353
38.64862439619272,-90.134609554337
38.64862363643898,-90.1346083669941
38.64862287594361,-90.13460718696668
38.64862211247194,-90.13460601459704
38.64862134355703,-90.13460485030784
38.64862056665747,-90.13460369458733
38.648619779302464,-90.13460254796948
38.64861897922152,-90.13460141100992
38.6486181644578,-90.134600284257
38.64861733346523,-90.13459916821937
38.64861648518905,-90.13459806333164
38.64861561912797,-90.13459696992008
38.64861473537423,-90.1345958881715
38.64861383462582,-90.1345948181094
38.64861291816424,-90.13459375958048
38.648611987791185,-90.134592712256
38.648611045720486,-90.13459167565
38.64861009442679,-90.13459064915511
38.648609136460394,-90.13458963209438
38.64860817424557,-90.1345886237832
38.64860720988439,-90.1345876235957
38.64860624498719,-90.13458663102767
38.648605280545816,-90.13458564574997
38.64860431685973,-90.13458466764816
38.64860335351997,-90.13458369684447
38.64860238945151,-90.1345827337003
38.64860142301104,-90.13458177879814
38.64860045213175,-90.13458083290408
38.64859947450197,-90.13457989691456
38.648598487758065,-90.13457897179252
38.64859748967088,-90.13457805850098
38.648596478306494,-90.13457715793992
38.64859545214977,-90.1345762708916
38.64859441018643,-90.13457539797592
38.648593351946054,-90.13457453961652
38.64859227751227,-90.13457369601576
38.64859118750768,-90.13457286713788
38.64859008306019,-90.13457205269953
38.64858896575563,-90.13457125216772
38.64858783757861,-90.134570464767
38.64858670084095,-90.13456968949755
38.648585558095554,-90.13456892516756
38.6485844120322,-90.13456817044222
38.64858326535315,-90.134567423911
38.648582120628355,-90.13456668417302
38.6485809801339,-90.13456594993788
38.64857984568212,-90.13456522013612
38.64857871845666,-90.1345644940305
38.648577598870624,-90.13456377131612
38.648576486468656,-90.1345630521958
38.64857537989421,-90.13456233741692
38.648574276939215,-90.13456162825796
38.64857317468422,-90.13456092645912
38.648572069722455,-90.13456023409915
38.6485709584443,-90.1345595534325
38.64856983734489,-90.13455888670777
38.64856870331288,-90.13455823599304
38.64856755386453,-90.1345576030296
38.64856638729959,-90.13455698912892
38.648565202770136,-90.13455639511876
38.64856400026684,-90.1345558213369
38.64856278053609,-90.13455526766542
38.64856154494741,-90.13455473359453
38.64856029533227,-90.13455421830442
38.64855903381414,-90.13455372075433
38.64855776264662,-90.13455323976916
38.64855648407145,-90.1345527741178
38.648555200203496,-90.13455232257982
38.648553912945,-90.13455188399963
38.64855262392716,-90.13455145733022
38.648551334474746,-90.13455104166928
38.64855004558736,-90.13455063629176
38.64854875793128,-90.13455024068185
38.64854747183642,-90.13454985456642
38.64854618729492,-90.1345494779508
38.64854490396039,-90.13454911115409
38.64854362114946,-90.13454875484057
38.64854233784941,-90.13454841004076
38.648541052737976,-90.1345480781547
38.64853976422165,-90.13454776092972
38.64853847049887,-90.13454746040588
38.64853716965234,-90.13454717882377
38.64853585977198,-90.1345469184944
38.648534539105235,-90.13454668163382
38.64853320622671,-90.1345464701721
38.64853186021331,-90.13454628555188
38.64853050080639,-90.13454612853698
38.64852912853847,-90.13454599905576
38.64852774480131,-90.13454589610552
38.648526351834256,-90.1345458177419
38.6485249526194,-90.1345457611695
38.64852355068269,-90.1345457229368
38.64852214981844,-90.13454569921846
38.6485207537727,-90.1345456861496
38.648519365932096,-90.13454568016236
38.64851798906223,-90.13454567827873
38.64851662512654,-90.13454567832504
38.64851527519833,-90.1345456790535
38.64851393946275,-90.1345456801711
38.648512617294706,-90.13454568228902
38.64851130739228,-90.13454568681098
38.64851000794433,-90.13454569578076
38.64850871681172,-90.13454571170816
38.64850743170586,-90.13454573738836
38.64850615035241,-90.13454577572622
38.64850487063269,-90.13454582957156
38.648503590699384,-90.13454590156924
38.64850230906622,-90.1345459940246
38.64850102467279,-90.13454610878522
38.64849973692662,-90.13454624713914
38.64849844572362,-90.13454640973367
38.64849715144742,-90.13454659651916
38.6484958549463,-90.134546806726
38.64849455748573,-90.13454703888335
38.64849326067457,-90.13454729088852
38.64849196636414,-90.1345475601315
38.64849067652323,-90.13454784367389
38.64848939309675,-90.13454813847044
38.648488117861014,-90.13454844161316
38.648486852291136,-90.13454875057066
38.64848559745472,-90.1345490633976
38.648484353941406,-90.13454937889378
38.64848312183347,-90.13454969670042
38.648481900717954,-90.13455001732652
38.6484806897383,-90.13455034210402
38.64847948768045,-90.1345506730746
38.648478293085866,-90.13455101281755
38.648477104380696,-90.13455136423464
38.648475920007634,-90.13455173031484
38.64847473854648,-90.13455211390514
38.648473558811496,-90.13455251751004
38.64847237991856,-90.13455294313484
38.64847120132046,-90.1345533921776
38.648470022812944,-90.1345538653677
38.64846884451702,-90.13455436274349
38.6484676668441,-90.13455488366068
38.648466490450325,-90.13455542682404
38.64846531618544,-90.13455599033702
38.64846414503986,-90.1345565717683
38.64846297809195,-90.13455716823646
38.64846181645623,-90.13455777651671
38.64846066123189,-90.13455839317444
38.64845951345092,-90.13455901472824
38.6484583740255,-90.13455963784288
38.648457243694985,-90.13456025954696
38.64845612297469,-90.13456087746366
38.648455012110034,-90.13456149003598
38.648453911041216,-90.13456209672265
38.64845281938492,-90.13456269813535
38.64845173643924,-90.13456329608934
38.64845066121693,-90.13456389354307
38.64844959250876,-90.13456449441676
38.648448528973745,-90.13456510329706
38.64844746924706,-90.13456572506053
38.648446412051946,-90.13456636446443
38.64844535630075,-90.13456702576188
38.64844430117245,-90.13456771238916
38.64844324615919,-90.1345684267571
38.64844219107949,-90.13456917015796
38.648441136060626,-90.13456994278256
38.64844008149611,-90.13457074382892
38.64843902798593,-90.13457157167684
38.64843797626798,-90.1345724240992
38.6484369271484,-90.1345732984837
38.64843588143738,-90.13457419204194
38.64843483989511,-90.13457510199
38.64843380319083,-90.13457602569127
38.648432771876024,-90.13457696075892
38.648431746371294,-90.1345779051213
38.64843072696516,-90.1345788570574
38.64842971382255,-90.13457981521236
38.64842870699995,-90.13458077860292
38.64842770646453,-90.13458174662176
38.64842671211474,-90.13458271904716
38.64842572380029,-90.13458369606072
38.648424741340094,-90.13458467827142
38.648423764537576,-90.13458566674032
38.64842279319297,-90.13458666299722
38.64842182711308,-90.1345876690374
38.64842086611913,-90.1345886872862
38.648419910053455,-90.13458972052078
38.64841895878583,-90.1345907717408
38.64841801221995,-90.13459184398582
38.64841707030023,-90.13459294010448
38.64841613301865,-90.13459406248802
38.64841520042098,-90.13459521279069
38.648414272611234,-90.13459639166652
38.64841334975293,-90.1345975985584
38.648412432065776,-90.13459883157698
38.64841151981672,-90.13460008750342
38.64841061330468,-90.1346013619382
38.648409712839715,-90.13460264959888
38.64840881871856,-90.13460394474062
38.64840793119965,-90.13460524164525
38.64840705048173,-90.13460653510695
38.64840617668924,-90.13460782084576
38.64840530986649,-90.13460909579992
38.64840444998092,-90.1346103582772
38.64840359693434,-90.13461160796788
38.64840275058002,-90.13461284584066
38.64840191074328,-90.13461407395124
38.64840107724288,-90.1346152951956
38.64840024991083,-90.13461651303844
38.648399428608926,-90.13461773124116
38.64839861324033,-90.134618953607
38.64839780375557,-90.13462018375446
38.64839700015255,-90.1346214249242
38.648396202471,-90.13462267981974
38.64839541078198,-90.13462395048148
38.64839462517375,-90.13462523819214
38.64839384573537,-90.13462654341409
38.64839307253988,-90.13462786576048
38.64839230562887,-90.13462920400616
38.648391545000166,-90.13463055614382
38.648390790600445,-90.13463191949305
38.648390042323726,-90.13463329086468
38.64838930001648,-90.13463466677752
38.64838856348901,-90.13463604371388
38.64838783253181,-90.13463741839044
38.648387106935225,-90.1346387880155
38.64838638651008,-90.13464015050518
38.64838567110729,-90.13464150463857
38.648384960634715,-90.13464285014004
38.648384255069395,-90.13464418768427
38.64838355446418,-90.13464551882488
38.64838285894766,-90.13464684585284
38.64838216871721,-90.13464817159674
38.648381484025805,-90.13464949918328
38.64838080516399,-90.13465083178328
38.6483801324391,-90.13465217237068
38.64837946615386,-90.134653523518
38.648378806585754,-90.13465488724302
38.6483781539682,-90.13465626491158
38.6483775084738,-90.1346576571925
38.648376870199705,-90.13465906405575
38.648376239155304,-90.13466048480362
38.64837561525246,-90.13466191812483
38.6483749982991,-90.134663362165
38.648374387997094,-90.13466481460884
38.64837378394597,-90.134666272775
38.6483731856536,-90.13466773372454
38.64837259255535,-90.13466919438724
38.64837200404211,-90.13467065170822
38.64837141949738,-90.13467210281524
38.64837083834168,-90.134673545203
38.64837026008203,-90.13467497692524
38.64836968436214,-90.1346763967798
38.648369111008144,-90.13467780446612
38.64836854006383,-90.13467920069198
38.64836797180903,-90.13468058720494
38.64836740675615,-90.1346819667294
38.64836684562203,-90.13468334280007
38.64836628927625,-90.13468471949984
38.64836573867143,-90.1346861011292
38.64836519476508,-90.13468749185084
38.64836465844359,-90.13468889535687
38.6483641304581,-90.13469031460107
38.64836361137855,-90.1346917516219
38.64836310156875,-90.13469320746675
38.64836260118198,-90.13469468221192
38.648362110173984,-90.13469617506206
38.64836162832909,-90.1346976845068
38.64836115529429,-90.13469920850962
38.64836069061671,-90.13470074470612
38.648360233780515,-90.13470229059216
38.648359784240526,-90.1347038436882
38.648359341451176,-90.13470540167148
38.64835890489056,-90.1347069624739
38.64835847408011,-90.13470852434745
38.648358048601544,-90.13471008590255
38.648357628112265,-90.13471164612687
38.64835721236085,-90.13471320439145
38.64835680120325,-90.13471476045072
38.64835639461989,-90.13471631444132
38.64835599273252,-90.1347178668798
38.64835559581907,-90.13471941865888
38.64835520432352,-90.1347209710372
38.64835481885756,-90.13472252561648
38.64835444019051,-90.13472408429838
38.64835406922434,-90.13472564921446
38.64835370695178,-90.1347272226237
38.64835335439701,-90.1347288067763
38.64835301254055,-90.13473040374684
38.64835268223271,-90.13473201524572
38.64835236410239,-90.1347336424243
38.64835205847056,-90.13473528569396
38.64835176527984,-90.13473694458436
38.64835148405169,-90.13473861766676
38.64835121388223,-90.13474030256587
38.64835095348394,-90.13474199607568
38.64835070127442,-90.13474369437992
38.64835045550463,-90.13474539335849
38.64835021441028,-90.13474708894002
38.648349976364095,-90.13474877744888
38.64834974000779,-90.13475045589767
38.64834950434841,-90.1347521221904
38.64834926881215,-90.13475377522258
38.64834903325625,-90.1347554148815
38.64834879794474,-90.13475704196222
38.64834856349656,-90.13475865802168
38.64834833081546,-90.1347602651948
38.648348101010455,-90.13476186599463
38.64834787531382,-90.13476346311514
38.64834765500179,-90.134765059249
38.64834744132107,-90.1347666569292
38.64834723542253,-90.1347682583973
38.64834703830269,-90.13476986549932
38.64834685075289,-90.13477147960732
38.648346673316446,-90.13477310156526
38.64834650625492,-90.13477473165764
38.64834634952544,-90.13477636960168
38.6483462027722,-90.13477801456472
38.64834606533575,-90.13477966521076
38.64834593628352,-90.13478131977844
38.648345814463624,-90.13478297619308
38.64834569858138,-90.13478463220896
38.64834558729364,-90.13478628557432
38.64834547931221,-90.13478793420292
38.64834537350507,-90.13478957633492
38.64834526898441,-90.13479121066923
38.648345165173176,-90.13479283645604
38.64834506184481,-90.13479445354172
38.64834495913339,-90.13479606236534
38.648344857513635,-90.13479766390698
38.64834475775213,-90.13479925959328
38.64834466083372,-90.1348008511676
38.648344567869934,-90.13480244053764
38.648344479999174,-90.13480402961548
38.64834439828981,-90.13480562016802
38.64834432365581,-90.13480721369228
38.64834425679142,-90.13480881132416
38.64834419812683,-90.13481041378392
38.64834414780405,-90.1348120213552
38.64834410566977,-90.13481363389204
38.6483440712814,-90.13481525084644
38.64834404392312,-90.13481687131026
38.64834402262961,-90.13481849406604
38.64834400621665,-90.13482011764386
38.648343993318974,-90.13482174038325
38.648343982437,-90.13482336050116
38.64834397199391,-90.13482497616708
38.64834396040444,-90.13482658558716
38.64834394615528,-90.13482818709758
38.64834392789473,-90.13482977926492
38.648343904526975,-90.13483136098904
38.64834387530335,-90.13483293160036
38.64834383990045,-90.13483449094085
38.64834379847362,-90.13483603941556
38.64834375167403,-90.13483757800296
38.648343700619925,-90.13483910821223
38.648343646817885,-90.1348406319848
38.6483435920377,-90.13484215154357
38.64834353815424,-90.13484366920662
38.6483434869771,-90.13484518718876
38.64834344009113,-90.13484670741826
38.64834339872807,-90.13484823139144
38.64834336368211,-90.13484976007987
38.64834333527431,-90.1348512938952
38.64834331336341,-90.13485283270788
38.64834329739543,-90.13485437591083
38.64834328648095,-90.13485592251476
38.648343279488394,-90.13485747126062
38.64834327514148,-90.13485902073629
38.64834327211148,-90.13486056948562
38.64834326909704,-90.13486211610191
38.64834326488702,-90.13486365930042
38.64834325840493,-90.13486519796844
38.64834324873546,-90.13486673119354
38.64834323513556,-90.13486825827287
38.64834321703361,-90.13486977870816
38.648343194020654,-90.13487129219048
38.64834316583748,-90.13487279858032
38.648343132360715,-90.13487429788596
38.648343093589865,-90.1348757902434
38.64834304963636,-90.13487727589904
38.648343000713965,-90.134878755195
38.6483429471293,-90.13488022855611
38.64834288926997,-90.134881696476
38.64834282758794,-90.13488315949976
38.64834276257549,-90.134884618201
38.64834269473219,-90.13488607315068
38.648342624522314,-90.13488752487764
38.64834255232372,-90.13488897382103
38.64834247837151,-90.1348904202779
38.64834240270123,-90.13489186435018
38.64834232509846,-90.13489330589778
38.64834224506266,-90.13489474450498
38.64834216179336,-90.1348961794682
38.64834207420558,-90.13489760981172
38.64834198097847,-90.13489903433496
38.64834188063633,-90.1349004516911
38.648341771654536,-90.13490186048934
38.64834165257632,-90.13490325940748
38.648341522122955,-90.13490464729789
38.64834137928098,-90.13490602327138
38.648341223355715,-90.13490738674828
38.648341053987416,-90.13490873747364
38.648340871132234,-90.1349100754986
38.648340675014914,-90.13491140113469
38.64834046606196,-90.13491271488958
38.64834024482489,-90.13491401739358
38.64834001190264,-90.13491530932532
38.6483397678705,-90.13491659134378
38.64833951322131,-90.1349178640322
38.64833924832243,-90.13491912785652
38.648338973390146,-90.13492038314058
38.648338688481395,-90.1349216300569
38.648338393501184,-90.13492286863222
38.64833808822316,-90.13492409876493
38.648337772319984,-90.13492532025128
38.64833744539983,-90.1349265328172
38.6483371070453,-90.13492773615224
38.64833675685102,-90.13492892994272
38.64833639445677,-90.13493011390108
38.64833601957331,-90.1349312877893
38.648335631999046,-90.13493245143492
38.6483352316264,-90.13493360473836
38.6483348184378,-90.13493474767148
38.64833439249248,-90.13493588026806
38.64833395390575,-90.13493700260754
38.64833350282348,-90.13493811479388
38.648333039394714,-90.13493921693224
38.648332563745576,-90.13494030910624
38.64833207595759,-90.13494139135813
38.64833157605304,-90.1349424636745
38.648331063989005,-90.1349435259791
38.648330539660655,-90.13494457813304
38.64833000291278,-90.13494561994244
38.64832945355744,-90.13494665117167
38.64832889139558,-90.1349476715611
38.64832831624031,-90.1349486808469
38.64832772794074,-90.13494967878302
38.64832712640527,-90.13495066516316
38.648326511623736,-90.13495163984302
38.64832588368766,-90.13495260276105
38.648325242807594,-90.13495355395706
38.64832458932602,-90.1349544935871
38.648323923724135,-90.13495542193245
38.64832324662024,-90.13495633940092
38.648322558757975,-90.13495724651888
38.6483218609824,-90.13495814391152
38.64832115420332,-90.13495903227162
38.648320439346136,-90.13495991231606
38.648319717291976,-90.13496078473268
38.64831898881109,-90.13496165011996
38.64831825449491,-90.13496250892518
38.648317514694135,-90.13496336138722
38.64831676947091,-90.13496420749132
38.64831601857367,-90.13496504694372
38.64831526144124,-90.13496587917211
38.6483144972402,-90.13496670335569
38.648313724933665,-90.13496751848346
38.64831294337424,-90.13496832343488
38.64831215140839,-90.13496911707112
38.648311347977845,-90.13496989832488
38.64831053220526,-90.13497066627738
38.648309703455425,-90.13497142021436
38.648308861368406,-90.13497215965818
38.64830800586514,-90.13497288437635
38.64830713712956,-90.13497359436964
38.648306255573175,-90.13497428984488
38.6483053617888,-90.13497497117832
38.64830445649965,-90.1349756388746
38.6483035405093,-90.13497629352598
38.64830261465603,-90.13497693577432
38.64830167977371,-90.1349775662779
38.648300736659685,-90.13497818568251
38.64829978604888,-90.13497879459622
38.64829882859241,-90.13497939356589
38.64829786483877,-90.13497998305364
38.64829689521577,-90.1349805634119
38.6482959200121,-90.13498113485606
38.64829493935824,-90.1349816974355
38.648293953207784,-90.13498225100446
38.64829296132154,-90.13498279519608
38.64829196325738,-90.13498332940388
38.64829095837027,-90.1349838527755
38.648289945826285,-90.1349843642242
38.64828892463462,-90.1349848624622
38.64828789369987,-90.13498534605937
38.64828685189529,-90.13498581352763
38.64828579815472,-90.134986263429
38.64828473157817,-90.1349866945007
38.648283651542386,-90.13498710578816
38.64828255780514,-90.13498749677174
38.64828145058943,-90.13498786747142
38.648280330633334,-90.13498821851206
38.64827919919241,-90.13498855113366
38.648278057985934,-90.1349888671358
38.6482769090858,-90.13498916875388
38.648275754757584,-90.13498945847792
38.648274597274266,-90.13498973883677
38.64827343872981,-90.13499001217912
38.648272280878864,-90.13499028048244
38.64827112502118,-90.13499054521056
38.64826997193911,-90.13499080723145
38.64826882188718,-90.13499106679392
38.648267674626375,-90.13499132355614
38.64826652949227,-90.1349915766537
38.648265385485054,-90.13499182479497
38.64826424137051,-90.13499206637138
38.64826309578261,-90.13499229957328
38.64826194732135,-90.1349925225042
38.648260794641615,-90.13499273328956
38.648259636530966,-90.13499293017745
38.64825847197597,-90.1349931116308
38.64825730021698,-90.1349932764106
38.64825612079148,-90.13499342364874
38.64825493356522,-90.13499355290774
38.6482537387496,-90.13499366422406
38.64825253690242,-90.13499375812803
38.64825132890872,-90.13499383563484
38.64825011593876,-90.13499389819953
38.64824889938125,-90.134993947633
38.64824768075345,-90.1349939859791
38.64824646159369,-90.13499401536087
38.64824524334651,-90.13499403781044
38.64824402725294,-90.1349940551005
38.648242814257806,-90.1349940685964
38.648241604942854,-90.13499407914216
38.64824039949087,-90.13499408699002
38.648239197683,-90.1349940917789
38.64823799892876,-90.1349940925625
38.64823680232622,-90.1349940878858
38.648235606747285,-90.13499407590356
38.6482344109398,-90.13499405452988
38.64823321363576,-90.13499402160264
38.64823201365376,-90.13499397504502
38.648230809985414,-90.13499391300776
38.64822960185938,-90.13499383398204
38.64822838878089,-90.13499373687884
38.64822717054859,-90.13499362107667
38.6482259472522,-90.13499348644204
38.64822471925602,-90.13499333332892
38.6482234871724,-90.13499316256156
38.64822225182871,-90.13499297540416
38.64822101422974,-90.13499277351784
38.64821977551605,-90.13499255890324
38.648218536917874,-90.13499233382588
38.64821729970342,-90.13499210072078
38.64821606512052,-90.13499186207348
38.648214834331654,-90.13499162027809
38.64821360834362,-90.13499137747566
38.64821238793531,-90.13499113538204
38.64821117358925,-90.13499089511842
38.648209965434305,-90.13499065706306
38.6482087632086,-90.13499042074582
38.64820756625154,-90.13499018480644
38.648206373532126,-90.13498994703455
38.64820518371663,-90.13498970450016
38.64820399527239,-90.13498945376811
38.64820280659686,-90.13498919117428
38.64820161615507,-90.13498891312636
38.64820042260694,-90.1349886163884
38.648199224908495,-90.13498829831282
38.64819802237687,-90.1349879569967
38.64819681471554,-90.1349875913537
38.64819560200213,-90.13498720110518
38.64819438464533,-90.13498678670408
38.648193163319974,-90.1349863492108
38.64819193889009,-90.13498589014164
38.64819071232933,-90.13498541130969
38.64818948464632,-90.13498491467448
38.64818825682099,-90.13498440221224
38.64818702975486,-90.13498387581272
38.64818580423679,-90.13498333720456
38.64818458092319,-90.13498278790615
38.64818336033073,-90.13498222919632
38.64818214283836,-90.13498166209747
38.648180928695446,-90.13498108736364
38.648179718032615,-90.13498050546656
38.64817851087294,-90.13497991657631
38.64817730714169,-90.13497932053424
38.648176106673944,-90.13497871682095
38.648174909220664,-90.13497810452498
38.648173714454416,-90.13497748231958
38.648172521976825,-90.1349768484588
38.648171331330175,-90.13497620080275
38.64817014201519,-90.13497553688194
38.648168953516894,-90.13497485400733
38.64816776533889,-90.13497414942796
38.6481665770456,-90.13497342053245
38.648165388309806,-90.13497266508192
38.64816419896164,-90.1349718814568
38.64816300903323,-90.13497106889002
38.64816181879258,-90.13497022765677
38.64816062875946,-90.13496935918718
38.64815943969749,-90.13496846607268
38.64815825257837,-90.1349675519455
38.64815706851864,-90.1349666212288
38.64815588869455,-90.13496567877858
38.64815471424608,-90.13496472946352
38.64815354618464,-90.1349637777445
38.64815238531758,-90.13496282731296
38.64815123219884,-90.13496188083003
38.64815008710899,-90.13496093978549
38.64814895006328,-90.13496000447356
38.64814782084277,-90.13495907406974
38.648146699041746,-90.1349581467832
38.64814558412429,-90.13495722005858
38.648144475483264,-90.1349562908024
38.64814337249618,-90.1349553556134
38.64814227457397,-90.13495441100297
38.64814118120001,-90.1349534535962
38.648140091958574,-90.13495248031008
38.64813900655242,-90.1349514885068
38.648137924810705,-90.13495047612362
38.648136846688416,-90.1349494417782
38.64813577225879,-90.13494838484796
38.64813470170026,-90.13494730551857
38.64813363527896,-90.13494620479472
38.6481325733279,-90.13494508446448
38.64813151622352,-90.13494394700868
38.6481304643605,-90.134942795451
38.64812941812591,-90.134941633151
38.64812837787455,-90.13494046355224
38.648127343907404,-90.13493928990982
38.64812631645571,-90.13493811502556
38.64812529567216,-90.13493694101987
38.64812428162987,-90.13493576916184
38.64812327432898,-90.13493459977084
38.648122273709475,-90.1349334321967
38.64812127966881,-90.1349322648796
38.64812029208224,-90.13493109548516
38.64811931082399,-90.13492992110484
38.648118335786975,-90.13492873850292
38.648117366899136,-90.1349275443854
38.648116404134605,-90.13492633566126
38.648115447518656,-90.13492510967166
38.648114497125945,-90.134923864369
38.6481135530726,-90.13492259843952
38.648112615503095,-90.13492131137032
38.6481116845736,-90.13492000346702
38.64811076043354,-90.1349186758299
38.64810984320742,-90.13491733029616
38.648108932978786,-90.13491596935344
38.6481080297782,-90.13491459602712
38.64810713357658,-90.13491321374262
38.64810624428522,-90.13491182616104
38.64810536176278,-90.13491043698912
38.648104485829464,-90.13490904976528
38.6481036162874,-90.13490766762808
38.6481027529459,-90.1349062930793
38.648101895649205,-90.13490492775914
38.64810104430392,-90.13490357225687
38.64810019890291,-90.13490222598368
38.648099359542165,-90.13490088713424
38.64809852642784,-90.13489955275894
38.648097699871514,-90.13489821895526
38.64809688027367,-90.13489688116972
38.64809606809734,-90.13489553457768
38.64809526383587,-90.13489417449216
38.64809446797955,-90.1348927967456
38.648093680985305,-90.13489139799808
38.64809290325285,-90.13488997594052
38.6480921351086,-90.1348885293823
38.64809137679765,-90.1348870582291
38.648090628482855,-90.13488556336982
38.64808989024922,-90.1348840464984
38.64808916211184,-90.13488250989928
38.64808844402547,-90.1348809562237
38.64808773589438,-90.13487938827858
38.648087037581554,-90.13487780884518
38.648086348917126,-90.134876220536
38.64808566970627,-90.13487462569344
38.64808499973749,-90.13487302632656
38.64808433879241,-90.13487142407986
38.64808368665815,-90.13486982022376
38.64808304314332,-90.13486821565732
38.64808240809804,-90.13486661091422
38.64808178143776,-90.13486500616472
38.64808116316987,-90.13486340121128
38.648080553421096,-90.13486179547752
38.64807995246288,-90.1348601879954
38.648079360731266,-90.13485857739788
38.64807877883734,-90.13485696192734
38.64807820756441,-90.13485533947004
38.648077647848595,-90.13485370762662
38.648077100740544,-90.13485206382524
38.6480765673478,-90.13485040548012
38.64807604875955,-90.13484873019088
38.64807554595801,-90.13484703597176
38.64807505972335,-90.13484532149174
38.64807459054194,-90.134843586299
38.648074138529175,-90.13484183099985
38.64807370337914,-90.13484005735832
38.64807328435239,-90.1348382682883
38.648072880309826,-90.13483646771816
38.648072489794544,-90.13483466032652
38.64807211115498,-90.13483285117258
38.64807174269349,-90.13483104526804
38.648071382819,-90.13482924715456
38.64807103018246,-90.13482746054665
38.64807068377973,-90.1348256880816
38.64807034301448,-90.13482393119509
38.64807000772078,-90.1348221901178
38.64806967815029,-90.134820463975
38.64806935493147,-90.13481875096166
38.6480690390092,-90.13481704856488
38.64806873157254,-90.13481535380588
38.648068433976725,-90.13481366348032
38.648068147663885,-90.13481197438028
38.64806787408511,-90.13481028348843
38.648067614625134,-90.13480858813976
38.648067370530384,-90.13480688615005
38.648067142840965,-90.13480517591292
38.64806693232816,-90.13480345646738
38.64806673943998,-90.13480172753675
38.648066564258905,-90.13479998953858
38.64806640647719,-90.13479824356274
38.6480662653957,-90.1347964913138
38.64806613995201,-90.13479473501349
38.648066028781344,-90.13479297726175
38.64806593031019,-90.13479122085982
38.64806584287689,-90.13478946860616
38.6480657648676,-90.13478772308426
38.64806569485295,-90.13478598646466
38.64806563171046,-90.13478426034276
38.64806557472083,-90.13478254562668
38.648065523630336,-90.13478084248416
38.6480654786743,-90.13477915034986
38.648065440559925,-90.1347774679918
38.648065410409195,-90.1347757936304
38.64806538966624,-90.13477412509982
38.64806537997791,-90.13477246003674
38.648065383060214,-90.13477079607658
38.648065400565834,-90.13476913103617
38.64806543396567,-90.13476746306496
38.648065484453554,-90.13476579075387
38.64806555287729,-90.13476411319856
38.64806563969513,-90.1347624300208
38.64806574495403,-90.13476074135546
38.64806586828541,-90.13475904781173
38.648066008914654,-90.13475735041752
38.64806616568251,-90.1347556505538
38.648066337078134,-90.13475394988252
38.64806652128576,-90.13475225027057
38.648066716247776,-90.13475055370884
38.64806691974762,-90.1347488622251
38.64806712951439,-90.13474717778864
38.64806734334919,-90.13474550220698
38.64806755926947,-90.13474383701552
38.64806777566355,-90.13474218336616
38.6480679914428,-90.13474054192248
38.64806820617513,-90.13473891277364
38.64806842018063,-90.13473729538067
38.648068634570016,-90.13473568856898
38.648068851210326,-90.13473409057816
38.64806907260995,-90.13473249917408
38.648069301728384,-90.13473091181744
38.64806954173102,-90.13472932587132
38.64806979572147,-90.13472773882138
38.648070066488394,-90.1347261484781
38.64807035629851,-90.1347245531367
38.64807066675689,-90.13472295167828
38.64807099874245,-90.13472134360696
38.64807135241535,-90.13471972902713
38.64807172728441,-90.13471810857143
38.64807212231777,-90.13471648329434
38.64807253607824,-90.13471485454671
38.64807296686573,-90.1347132238471
38.64807341285225,-90.13471159276152
38.64807387219876,-90.13470996280115
38.64807434314825,-90.1347083353434
38.64807482409327,-90.13470671157772
38.64807531362009,-90.13470509247554
38.64807581053454,-90.13470347878014
38.64807631387574,-90.13470187101213
38.64807682292434,-90.13470026948455
38.64807733721119,-90.134698674323
38.64807785653014,-90.13469708548554
38.64807838095647,-90.13469550278096
38.64807891086931,-90.13469392588284
38.64807944697397,-90.13469235434084
38.64807999031717,-90.1346907875906
38.648080542287104,-90.13468922496575
38.64808110458962,-90.13468766571528
38.64808167919239,-90.13468610902976
38.648082268232,-90.13468455407912
38.648082873882196,-90.13468300006323
38.64808349818679,-90.13468144627376
38.64808414286705,-90.13467989216466
38.6480848091191,-90.13467833742448
38.64808549742323,-90.13467678204296
38.64808620739056,-90.1346752263615
38.64808693767424,-90.13467367109708
38.64808768596962,-90.134672117331
38.64808844911971,-90.1346705664558
38.64808922332765,-90.13466902008156
38.648090004458126,-90.13466747990894
38.64809078838857,-90.13466594758616
38.64809157135889,-90.13466442457091
38.64809235027001,-90.1346629120172
38.64809312289652,-90.13466141070067
38.64809388799794,-90.13465992098796
38.64809464533098,-90.13465844284714
38.64809539557709,-90.13465697589294
38.64809614020632,-90.13465551945616
38.64809688130043,-90.13465407266712
38.64809762135638,-90.13465263454292
38.64809836308799,-90.13465120407103
38.648099109238565,-90.1346497802827
38.64809986241247,-90.134648362313
38.64810062493003,-90.13464694944555
38.648101398706885,-90.13464554114243
38.64810218515777,-90.13464413705974
38.648102985124694,-90.13464273705102
38.64810379883035,-90.13464134116018
38.64810462585935,-90.1346399496054
38.6481054651715,-90.13463856275534
38.64810631515216,-90.13463718109864
38.64810717370415,-90.13463580520704
38.648108038382766,-90.13463443569368
38.6481089065704,-90.13463307316766
38.648109775678826,-90.13463171818844
38.648110643360226,-90.13463037122376
38.64811150770313,-90.13462903261568
38.64811236739124,-90.13462770255865
38.648113221808615,-90.13462638109132
38.64811407108173,-90.1346250681027
38.64811491605568,-90.13462376335112
38.648115758207325,-90.13462246649404
38.64811659950444,-90.13462117712498
38.64811744222592,-90.13461989481397
38.64811828876356,-90.13461861914686
38.648119141428054,-90.13461734975924
38.64812000227908,-90.13461608636156
38.648120872992486,-90.1346148287535
38.64812175476988,-90.13461357682738
38.64812264828902,-90.13461233056138
38.64812355368945,-90.13461109000482
38.64812447058606,-90.13460985525778
38.648125398103325,-90.1346086264478
38.64812633492498,-90.13460740370635
38.64812727935582,-90.13460618714728
38.64812822939497,-90.13460497684878
38.6481291828218,-90.13460377284126
38.648130137296285,-90.13460257510056
38.64813109047558,-90.13460138354812
38.64813204014638,-90.13460019805696
38.648132984369944,-90.13459901846332
38.64813392163247,-90.13459784458256
38.64813485098932,-90.1345966762276
38.64813577218747,-90.13459551322843
38.64813668574832,-90.13459435545006
38.648137592992455,-90.13459320280718
38.64813849599177,-90.13459205527369
38.64813939744216,-90.13459091288534
38.64814030046298,-90.13458977573606
38.648141208344335,-90.13458864396732
38.648142124275296,-90.13458751775374
38.648143051090024,-90.13458639728618
38.64814399106349,-90.13458528275508
38.648144945777325,-90.13458417433571
38.64814591606298,-90.13458307217672
38.64814690201832,-90.13458197639171
38.64814790308481,-90.1345808870549
38.64814891816794,-90.1345798041991
38.6481499457816,-90.13457872781632
38.64815098419844,-90.13457765785972
38.64815203159117,-90.13457659424652
38.64815308615387,-90.13457553686156
38.648154146197264,-90.13457448556116
38.64815521021597,-90.1345734401778
38.648156276929974,-90.13457240052573
38.6481573453049,-90.13457136640793
38.648158414557415,-90.13457033762514
38.64815948415272,-90.1345693139873
38.64816055380008,-90.13456829532714
38.64816162345084,-90.13456728151594
38.64816269330128,-90.13456627248064
38.64816376379986,-90.13456526822094
38.648164835655955,-90.13456426882468
38.64816590984507,-90.13456327447965
38.64816698760368,-90.13456228547896
38.64816807040681,-90.1345613022186
38.64816915992157,-90.13456032518468
38.64817025793205,-90.1345593549291
38.648171366233974,-90.13455839203436
38.64817248650179,-90.1345574370675
38.64817362013555,-90.13455649052686
38.6481747681004,-90.13455555278536
38.648175930775906,-90.13455462403635
38.64817710783585,-90.13455370424894
38.64817829818048,-90.13455279313963
38.64817949994057,-90.1345518901674
38.64818071056656,-90.13455099455628
38.648181927003705,-90.13455010534686
38.648183145938326,-90.13454922147152
38.648184364083,-90.13454834184468
38.648185578458936,-90.13454746545422
38.6481867866352,-90.13454659144136
38.64818798689685,-90.13454571916034
38.64818917832991,-90.13454484821278
38.64819036082572,-90.13454397845734
38.648191535017,-90.13454310999774
38.64819270216316,-90.13454224315387
38.64819386400423,-90.13454137842189
38.648195022600895,-90.1345405164274
38.64819618017525,-90.13453965787728
38.648197338962675,-90.1345388035116
38.648198501081325,-90.13453795405871
38.64819966842197,-90.13453711019392
38.64820084255882,-90.13453627250216
38.648202024680245,-90.13453544144508
38.64820321553833,-90.1345346173326
38.64820441541696,-90.13453380030026
38.64820562411939,-90.13453299029354
38.64820684097763,-90.13453218706135
38.64820806488716,-90.13453139016136
38.64820929437025,-90.13453059897888
38.64821052766944,-90.13452981276149
38.648211762869366,-90.1345290306681
38.64821299803915,-90.13452825183002
38.64821423138273,-90.13452747541788
38.64821546138065,-90.13452670070748
38.64821668690873,-90.1345259271373
38.64821790732232,-90.13452515435225
38.64821912250007,-90.1345243822302
38.64822033284483,-90.13452361088964
38.64822153924257,-90.13452284067748
38.64822274298268,-90.13452207213862
38.64822394564662,-90.134521305969
38.64822514897513,-90.1345205429571
38.64822635472788,-90.1345197839197
38.64822756455081,-90.13451902963912
38.64822877986388,-90.13451828080794
38.64823000177765,-90.13451753798554
38.64823123104082,-90.13451680156749
38.648232468016786,-90.1345160717674
38.64823371268419,-90.13451534860968
38.64823496465552,-90.13451463193007
38.64823622320841,-90.1345139213832
38.6482374873255,-90.1345132164547
38.64823875574085,-90.13451251647872
38.64824002699242,-90.13451182066036
38.64824129948199,-90.1345111281052
38.648242571544166,-90.13451043785597
38.64824384152603,-90.1345097489386
38.648245107877614,-90.13450906041658
38.6482463692513,-90.13450837145255
38.64824762460509,-90.13450768137405
38.64824887330193,-90.1345069897374
38.64825011519388,-90.1345062963841
38.64825135067871,-90.13450560148006
38.64825258071578,-90.1345049055307
38.64825380679075,-90.1345042093649
38.648255030824544,-90.13450351408429
38.648256255030695,-90.1345028209806
38.648257481736096,-90.1345021314299
38.64825871318872,-90.13450144677712
38.64825995137831,-90.13450076822762
38.64826119789264,-90.13450009675869
38.64826245382375,-90.13449943306
38.648263719729115,-90.13449877750712
38.6482649956451,-90.13449813016535
38.64826628114328,-90.13449749081992
38.64826757541737,-90.13449685902452
38.648268877387096,-90.13449623416057
38.64827018580605,-90.13449561549936
38.64827149936284,-90.1344950022609
38.64827281676793,-90.1344943936648
38.648274136821485,-90.1344937889707
38.648275458461114,-90.13449318750747
38.64827678079071,-90.13449258869204
38.648278103093766,-90.1344919920397
38.64827942483558,-90.13449139716892
38.648280745659214,-90.13449080380336
38.64828206537949,-90.1344902117734
38.64828338397828,-90.1344896210192
38.64828470160294,-90.13448903159582
38.64828601856775,-90.13448844368
38.64828733535675,-90.13448785757718
38.64828865262459,-90.13448727372597
38.648289971191296,-90.13448669269658
38.64829129202604,-90.13448611518078
38.64829261621585,-90.13448554196871
38.648293944916034,-90.13448497391208
38.64829527928131,-90.13448441187164
38.64829662037927,-90.13448385665164
38.64829796909125,-90.13448330892388
38.64829932600867,-90.13448276914858
38.64830069133617,-90.1344822375
38.64830206481518,-90.13448171380718
38.64830344568196,-90.13448119752051
38.648304832672835,-90.13448068771358
38.6483062240851,-90.13448018312666
38.64830761789405,-90.13447968225256
38.648309011916254,-90.13447918345751
38.648310403997925,-90.13447868512122
38.64831179220081,-90.13447818577608
38.64831317495931,-90.1344776842256
38.64831455119034,-90.1344771796282
38.648315920347805,-90.13447667154033
38.648317282423406,-90.1344761599196
38.648318637901426,-90.1344756450939
38.6483199876792,-90.13447512770412
38.648321332965615,-90.13447460863048
38.6483226751695,-90.13447408891037
38.64832401578771,-90.13447356965509
38.64832535630024,-90.13447305197109
38.64832669807743,-90.13447253688932
38.64832804230195,-90.13447202530485
38.64832938990696,-90.1344715179276
38.6483307415309,-90.13447101524568
38.64833209748895,-90.13447051750036
38.648333457761794,-90.13447002467475
38.6483348220023,-90.13446953649598
38.64833618956117,-90.13446905245276
38.64833755953256,-90.13446857182892
38.64833893081939,-90.13446809375328
38.64834030221593,-90.13446761726377
38.64834167250227,-90.13446714138188
38.64834304054213,-90.13446666519066
38.648344405373734,-90.1344661879078
38.648345766284585,-90.13446570894672
38.64834712286361,-90.13446522796023
38.648348475027106,-90.1344647448634
38.64834982301754,-90.13446425983506
38.64835116737632,-90.13446377329828
38.64835250889295,-90.13446328588158
38.64835384853533,-90.13446279836448
38.64835518736768,-90.13446231161228
38.64835652646459,-90.1344618265072
38.64835786683044,-90.13446134388268
38.648359209331815,-90.13446086446784
38.64836055464791,-90.134460388845
38.648361903239966,-90.1344599174229
38.64836325533869,-90.13445945042297
38.648364610946295,-90.1344589878777
38.64836596984963,-90.13445852963778
38.648367331640806,-90.13445807538524
38.64836869574281,-90.13445762465123
38.64837006143854,-90.1344571768374
38.64837142790285,-90.13445673124066
38.648372794238114,-90.1344562870824
38.64837415951422,-90.13445584354278
38.64837552281388,-90.13445539980108
38.648376883283326,-90.1344549550822
38.64837824018747,-90.13445450870827
38.64837959296683,-90.13445406015256
38.64838094129192,-90.1344536090918
38.64838228510905,-90.13445315545118
38.64838362467066,-90.13445269943496
38.64838496054292,-90.13445224153672
38.64838629358501,-90.13445178252287
38.64838762489733,-90.13445132338762
38.64838895574121,-90.13445086528088
38.64839028743848,-90.13445040941724
38.648391621264025,-90.1344499569775
38.6483929583458,-90.13444950901652
38.64839429958503,-90.13444906638888
38.648395645604296,-90.13444862969956
38.64839699672658,-90.13444819928284
38.648398352983335,-90.13444777520756
38.648399714146585,-90.13444735730424
38.64840107977794,-90.13444694520793
38.64840244928706,-90.1344465384098
38.648403821992126,-90.13444613631074
38.6484051971765,-90.13444573827182
38.648406574137226,-90.13444534365766
38.648407952222854,-90.13444495187044
38.64840933085984,-90.1344445623742
38.648410709568445,-90.13444417471004
38.648412087969774,-90.13444378850409
38.64841346578666,-90.13444340347074
38.648414842841035,-90.13444301941354
38.64841621905019,-90.13444263622576
38.648417594423854,-90.13444225389256
38.64841896906305,-90.13444187249512
38.64842034316076,-90.13444149221648
38.64842171700345,-90.1344411133476
38.64842309097168,-90.13444073629174
38.64842446553738,-90.13444036156406
38.648425841255246,-90.1344399897836
38.64842721874579,-90.13443962165486
38.648428598668325,-90.13443925793732
38.64842998168324,-90.13443889940184
38.64843136840451,-90.13443854677544
38.64843275934498,-90.13443820067744
38.64843415485901,-90.134437861552
38.64843555508887,-90.13443752960453
38.64843695992193,-90.13443720475053
38.648438368966936,-90.13443688658552
38.64843978155609,-90.13443657438488
38.648441196777775,-90.13443626713862
38.64844261354026,-90.1344359636219
38.64844403066089,-90.1344356624953
38.64844544696914,-90.13443536242202
38.648446861408424,-90.1344350621843
38.64844827312214,-90.13443476078324
38.6484496815138,-90.1344344575099
38.64845108627703,-90.13443415198286
38.648452487396376,-90.13443384415282
38.64845388512343,-90.13443353427937
38.648455279934794,-90.13443322288649
38.6484566724787,-90.13443291070509
38.64845806351691,-90.13443259860864
38.648459453867034,-90.13443228754876
38.648460844349074,-90.13443197849396
38.648462235738585,-90.13443167237452
38.64846362872738,-90.13443137003485
38.648465023892015,-90.1344310721929
38.648466421669575,-90.13443077940715
38.64846782234036,-90.13443049205064
38.64846922601726,-90.13443021029224
38.64847063264213,-90.13442993408654
38.64847204198983,-90.13442966317332
38.64847345368116,-90.13442939708922
38.648474867205834,-90.13442913519316
38.64847628195588,-90.1344288767068
38.64847769726891,-90.13442862076906
38.64847911247851,-90.1344283665019
38.64848052696716,-90.13442811308056
38.64848194021608,-90.13442785980128
38.64848335184668,-90.13442760613933
38.64848476164989,-90.13442735179116
38.64848616960108,-90.13442709669876
38.64848757585987,-90.13442684105316
38.6484889807552,-90.13442658527843
38.64849038475691,-90.13442632999664
38.64849178843625,-90.13442607597692
38.648493192419025,-90.13442582407367
38.64849459733621,-90.1344255751597
38.64849600377746,-90.1344253300623
38.64849741225196,-90.1344250895082
38.64849882315947,-90.13442485408125
38.6485002367724,-90.13442462419432
38.6485016532281,-90.13442440007464
38.648503072529664,-90.13442418176018
38.648504494552945,-90.13442396910445
38.64850591905803,-90.1344237617876
38.64850734570352,-90.13442355933216
38.64850877406299,-90.13442336112256
38.64851020364339,-90.1344231664291
38.648511633905784,-90.13442297443667
38.64851306428913,-90.13442278428012
38.64851449423754,-90.13442259508656
38.64851592323119,-90.13442240602508
38.64851735082026,-90.13442221636248
38.64851877666022,-90.13442202552224
38.64852020054568,-90.13442183314211
38.648521622439254,-90.1344216391241
38.64852304249096,-90.13442144366954
38.648524461043685,-90.13442124729174
38.64852587862126,-90.13442105080034
38.64852729589735,-90.13442085525422
38.64852871364672,-90.13442066188529
38.64853013268386,-90.13442047200094
38.648531553797056,-90.13442028687838
38.64853297768677,-90.13442010766464
38.6485344049161,-90.1344199352953
38.64853583587809,-90.13441977043968
38.64853727078185,-90.13441961347584
38.64853870965635,-90.1344194644936
38.648540152368966,-90.13441932332142
38.64854159865449,-90.13441918957024
38.64854304815013,-90.13441906268704
38.648544500432095,-90.13441894201172
38.64854595505032,-90.13441882683118
38.64854741155872,-90.13441871642708
38.64854886953943,-90.13441861011488
38.64855032862086,-90.13441850727337
38.64855178848967,-90.1344184073658
38.64855324889804,-90.1344183099544
38.64855470966731,-90.13441821470988
38.6485561706896,-90.13441812141882
38.64855763192855,-90.13441802999024
38.648559093419806,-90.13441794046234
38.64856055527172,-90.13441785300935
38.64856201766567,-90.1344177679474
38.64856348085519,-90.13441768573723
38.64856494516258,-90.13441760698124
38.648566410971554,-90.13441753241118
38.64856787871428,-90.13441746286462
38.648569348852085,-90.13441739924716
38.64857082184912,-90.13441734248046
38.64857229813981,-90.1344172934368
38.648573778091624,-90.134417252864
38.648575261966194,-90.13441722130652
38.648576749882785,-90.13441719903072
38.64857824178897,-90.13441718596404
38.64857973744374,-90.13441718165896
38.64858123641769,-90.13441718529036
38.6485827381135,-90.1344171956938
38.64858424180697,-90.13441721144464
38.648585746705294,-90.13441723097256
38.64858725201482,-90.13441725269574
38.64858875700856,-90.13441727515614
38.64859026108396,-90.13441729713692
38.648591763804184,-90.13441731774856
38.64859326492043,-90.13441733647822
38.64859476437575,-90.13441735320262
38.64859626229339,-90.13441736817
38.64859775895386,-90.1344173819582
38.64859925476493,-90.13441739541686
38.64860075022857,-90.13441740960104
38.6486022459076,-90.13441742570112
38.648603742394215,-90.13441744497337
38.64860524028075,-90.13441746867213
38.64860674013319,-90.13441749798478
38.64860824246636,-90.13441753396911
38.648609747720435,-90.13441757749268
38.64861125623805,-90.13441762917503
38.64861276824212,-90.13441768933484
38.6486142838151,-90.13441775794472
38.64861580288138,-90.13441783459916
38.64861732519497,-90.13441791850114
38.64861885033541,-90.134418008474
38.6486203777144,-90.13441810300296
38.64862190659521,-90.13441820030954
38.648623436125135,-90.13441829845658
38.64862496538007,-90.13441839547812
38.64862649341829,-90.13441848952364
38.64862801934044,-90.13441857900528
38.64862954235239,-90.13441866273595
38.64863106182721,-90.1344187400464
38.64863257736268,-90.13441881087049
38.64863408882954,-90.13441887578831
38.64863559640563,-90.13441893601951
38.648637100591465,-90.13441899336252
38.64863860220357,-90.13441905008344
38.64864010234415,-90.13441910876362
38.64864160234704,-90.13441917212256
38.64864310370077,-90.13441924283192
38.648644607950025,-90.1344193233355
38.64864611657677,-90.13441941568416
38.648647630863614,-90.13441952139137
38.64864915174409,-90.134419641313
38.64865067964735,-90.13441977555424
38.64865221434856,-90.13441992340752
38.64865375483902,-90.134420083327
38.648655299233305,-90.1344202529468
38.64865684473134,-90.13442042915143
38.648658387652866,-90.13442060820525
38.64865992355835,-90.13442078594647
38.64866144746438,-90.13442095804594
38.64866295415285,-90.13442112032364
38.64866443856196,-90.13442126910836
38.64866589623445,-90.13442140161511
38.64866732378542,-90.13442151630623
38.64866871934073,-90.13442161319465
38.64867008288943,-90.13442169404314
38.64867141649244,-90.13442176241747
38.648672724298486,-90.13442182355926
38.64867401233917,-90.13442188406736
38.648675288108585,-90.1344219514062
38.64867655997399,-90.13442203329414
38.64867783649755,-90.13442213705262
38.64867912576414,-90.13442226900445
38.64868043480106,-90.13442243399712
38.6486817691499,-90.13442263510008
38.648683132620114,-90.13442287349427
38.648684527224425,-90.13442314854512
38.64868595327408,-90.1344234580294
38.64868740959747,-90.13442379847402
38.64868889383898,-90.13442416556003
38.64869040279549,-90.13442455454528
38.64869193275297,-90.13442496066509
38.648693479794304,-90.13442537947894
38.64869504005987,-90.13442580713983
38.64869660995215,-90.13442624057308
38.64869818628498,-90.13442667756092
38.6486997663847,-90.13442711673558
38.648701348154454,-90.13442755749116
38.64870293011479,-90.13442799982808
38.648704511432136,-90.13442844414767
38.64870609194345,-90.13442889101628
38.64870767218044,-90.13442934091896
38.64870925339112,-90.13442979402384
38.64871083755058,-90.13443024997606
38.64871242734873,-90.13443070774063
38.648714026139295,-90.13443116551008
38.648715637834705,-90.13443162068968
38.6487172667335,-90.13443206996917
38.64871891727312,-90.1344325094834
38.64872059370938,-90.13443293505732
38.648722299735134,-90.1344333425226
38.64872403806356,-90.13443372808382
38.648725810013595,-90.13443408870346
38.648727615146306,-90.13443442246654
38.64872945100761,-90.134434728881
38.64873131303264,-90.134435009068
38.64873319465853,-90.13443526580272
38.64873508767138,-90.1344355033777
38.64873698277879,-90.13443572728644
38.64873887035448,-90.13443594375477
38.648740741256496,-90.1344361591822
38.64874258759705,-90.13443637957604
38.64874440335185,-90.134436610059
38.648746184735664,-90.1344368545104
38.648747930319686,-90.13443711537
38.64874964090876,-90.13443739360548
38.6487513192256,-90.13443768882304
38.648752969463864,-90.13443799948853
38.64875459677544,-90.13443832321944
38.64875620675208,-90.13443865710956
38.648757804950414,-90.13443899805098
38.64875939649585,-90.13443934302576
38.64876098578632,-90.1344396893466
38.64876257630328,-90.13444003483502
38.648764170526434,-90.1344403779314
38.6487657699396,-90.13444071773904
38.64876737511052,-90.13444105400832
38.64876898582397,-90.13444138707004
38.64877060124813,-90.1344417177303
38.64877222011565,-90.13444204713912
38.64877384090378,-90.13444237664558
38.648775462001694,-90.1344427076518
38.64877708185645,-90.1344430414776
38.64877869909195,-90.13444337924628
38.64878031259736,-90.13444372180044
38.64878192158336,-90.1344440696552
38.64878352560599,-90.13444442299122
38.64878512456082,-90.13444478168611
38.648786718651735,-90.13444514537704
38.64878830834101,-90.13444551354372
38.648789894287155,-90.13444588559896
38.648791477277165,-90.13444626097431
38.64879305815866,-90.13444663918902
38.648794637776625,-90.13444701989552
38.64879621691831,-90.134447402898
38.64879779626939,-90.13444778814628
38.64879937638328,-90.1344481757106
38.64880095766452,-90.1344485657446
38.64880254036532,-90.13444895844285
38.64880412459337,-90.13444935399816
38.64880571032795,-90.13444975256168
38.648807297441174,-90.13445015420795
38.648808885721365,-90.13445055890604
38.64881047489614,-90.134450966498
38.648812064653534,-90.1344513766852
38.6488136546603,-90.13445178902435
38.64881524457728,-90.13445220293362
38.64881683407232,-90.13445261771044
38.64881842283173,-90.13445303256204
38.64882001057101,-90.1344534466481
38.64882159704589,-90.13445385913492
38.64882318206393,-90.13445426925868
38.648824765496485,-90.1344546763931
38.64882634729029,-90.13445508011624
38.648827927477065,-90.1344554802686
38.6488295061793,-90.1344558769948
38.64883108361004,-90.13445627076058
38.64883266006499,-90.13445666233916
38.64883423590589,-90.13445705276384
38.64883581153591,-90.1344574432494
38.648837387369504,-90.13445783509114
38.64883896380039,-90.13445822955494
38.648840541172106,-90.13445862777328
38.64884211975486,-90.13445903066074
38.648843699730875,-90.1344594388572
38.64884528118904,-90.13445985270202
38.6488468641283,-90.1344602722379
38.64884844846822,-90.13446069723952
38.64885003406449,-90.13446112726032
38.64885162072716,-90.13446156168956
38.64885320823944,-90.13446199981286
38.6488547963753,-90.13446244087004
38.64885638491455,-90.134462884106
38.6488579736548,-90.13446332881163
38.64885956242001,-90.13446377435484
38.64886115106586,-90.134464220201
38.64886273948257,-90.13446466592522
38.64886432759565,-90.13446511121842
38.64886591536565,-90.13446555588912
38.64886750278708,-90.1344659998633
38.64886908988744,-90.13446644318336
38.64887067672615,-90.13446688600698
38.648872263393514,-90.13446732860508
