longitude,latitude,trace_type
-10033717.120918091,4671500.9390987465,racing_line
-10033717.160124483,4671501.2032707855,racing_line
-10033717.200494148,4671501.467617344,racing_line
-10033717.242144065,4671501.7317846175,racing_line
-10033717.285609245,4671501.995313661,racing_line
-10033717.328204919,4671502.257910235,racing_line
-10033717.36967387,4671502.519440753,racing_line
-10033717.40988259,4671502.779861283,racing_line
-10033717.448866127,4671503.039192199,racing_line
-10033717.486847928,4671503.297492949,racing_line
-10033717.524217099,4671503.554843964,racing_line
-10033717.561466482,4671503.8113391595,racing_line
-10033717.599106763,4671504.067088591,racing_line
-10033717.637579935,4671504.322226149,racing_line
-10033717.95335126,4671504.527128161,racing_line
-10033717.966593536,4671504.788155471,racing_line
-10033717.76627355,4671505.084481809,racing_line
-10033717.812487714,4671505.338357113,racing_line
-10033717.858016487,4671505.592805201,racing_line
-10033717.903159037,4671505.84781426,racing_line
-10033717.948203748,4671506.103326863,racing_line
-10033717.993405752,4671506.3592533935,racing_line
-10033718.038975464,4671506.615483409,racing_line
-10033718.085073704,4671506.871895669,racing_line
-10033718.131677875,4671507.128392093,racing_line
-10033718.860591715,4671507.236698885,racing_line
-10033718.230027266,4671507.629004275,racing_line
-10033718.036818773,4671507.91927081,racing_line
-10033718.097727908,4671508.157957748,racing_line
-10033718.128813501,4671508.404660102,racing_line
-10033718.179791203,4671508.644913751,racing_line
-10033718.252287032,4671508.88564935,racing_line
-10033718.495695004,4671509.10933549,racing_line
-10033718.533030793,4671509.35927364,racing_line
-10033718.56958317,4671509.609838086,racing_line
-10033718.60610161,4671509.860787915,racing_line
-10033718.643330012,4671510.111867137,racing_line
-10033718.881846828,4671510.314911508,racing_line
-10033718.97341759,4671510.554400776,racing_line
-10033719.054707034,4671510.796953968,racing_line
-10033719.125168478,4671511.042347395,racing_line
-10033719.184101911,4671511.290254628,racing_line
-10033718.912763081,4671511.60694311,racing_line
-10033718.772124454,4671511.892023533,racing_line
-10033719.013368346,4671512.097637825,racing_line
-10033719.060741235,4671512.341661232,racing_line
-10033719.106611792,4671512.584694907,racing_line
-10033719.151461523,4671512.826700655,racing_line
-10033719.195853956,4671513.067665258,racing_line
-10033719.240379218,4671513.307600183,racing_line
-10033719.285583083,4671513.546548374,racing_line
-10033719.33189763,4671513.784594072,racing_line
-10033719.584225865,4671513.97557189,racing_line
-10033719.613962535,4671514.21779177,racing_line
-10033719.480385154,4671514.494614784,racing_line
-10033719.530337676,4671514.731139855,racing_line
-10033719.579359015,4671514.968069586,racing_line
-10033719.627836375,4671515.205380374,racing_line
-10033719.67613773,4671515.443013737,racing_line
-10033719.724582799,4671515.680889247,racing_line
-10033719.773426656,4671515.918914398,racing_line
-10033719.822852775,4671516.156992199,racing_line
-10033719.872972121,4671516.395027377,racing_line
-10033719.923825674,4671516.63293204,racing_line
-10033719.9748789,4671516.87073429,racing_line
-10033720.025169995,4671517.108553465,racing_line
-10033720.074993994,4671517.346269527,racing_line
-10033720.124480331,4671517.58381572,racing_line
-10033720.17377748,4671517.821139062,racing_line
-10033720.223036189,4671518.058202833,racing_line
-10033720.272392439,4671518.294988153,racing_line
-10033720.321952792,4671518.531494359,racing_line
-10033720.371784084,4671518.767738028,racing_line
-10033720.421908852,4671519.00375055,racing_line
-10033720.472307047,4671519.2395743895,racing_line
-10033720.5229231,4671519.475258574,racing_line
-10033720.573676832,4671519.7108539855,racing_line
-10033720.624476198,4671519.9464091435,racing_line
-10033720.675215855,4671520.181970049,racing_line
-10033720.725720467,4671520.417593887,racing_line
-10033720.776301662,4671520.653227638,racing_line
-10033720.82699969,4671520.888871674,racing_line
-10033720.877825148,4671521.124530178,racing_line
-10033720.928757887,4671521.360212183,racing_line
-10033720.97974843,4671521.595931834,racing_line
-10033721.030717451,4671521.831708883,racing_line
-10033721.081579465,4671522.067563606,racing_line
-10033721.132225268,4671522.303520761,racing_line
-10033721.182549676,4671522.539603412,racing_line
-10033721.232458627,4671522.775831391,racing_line
-10033721.282141063,4671523.012163239,racing_line
-10033721.331860617,4671523.248541199,racing_line
-10033721.381606143,4671523.484966601,racing_line
-10033721.431362879,4671523.721442224,racing_line
-10033721.481117902,4671523.957971159,racing_line
-10033721.53086586,4671524.194555307,racing_line
-10033721.58061339,4671524.43119378,racing_line
-10033721.630380837,4671524.667881711,racing_line
-10033721.680200461,4671524.904609699,racing_line
-10033721.730111137,4671525.141364155,racing_line
-10033721.780150615,4671525.37812849,racing_line
-10033721.830346867,4671525.6148850005,racing_line
-10033721.880711053,4671525.851617033,racing_line
-10033721.930847086,4671526.088391126,racing_line
-10033721.980436714,4671526.325258419,racing_line
-10033722.029566513,4671526.5621885415,racing_line
-10033722.078471292,4671526.799124338,racing_line
-10033722.127310771,4671527.036027243,racing_line
-10033722.176126882,4671527.272885857,racing_line
-10033722.224952642,4671527.509693693,racing_line
-10033722.273809265,4671527.746449141,racing_line
-10033722.322705468,4671527.983154811,racing_line
-10033722.371714931,4671528.219801031,racing_line
-10033722.420996085,4671528.456361089,racing_line
-10033722.470553957,4671528.692838871,racing_line
-10033722.520183697,4671528.929282419,racing_line
-10033722.569698695,4671529.165734664,racing_line
-10033722.61910674,4671529.4021956045,racing_line
-10033722.668410234,4671529.638665769,racing_line
-10033722.717606682,4671529.875146581,racing_line
-10033722.766690377,4671530.111640438,racing_line
-10033722.815654654,4671530.348150529,racing_line
-10033722.864494745,4671530.584680387,racing_line
-10033722.91321054,4671530.821233214,racing_line
-10033722.961808857,4671531.057811105,racing_line
-10033723.010304784,4671531.294414249,racing_line
-10033723.058721624,4671531.5310403025,racing_line
-10033723.10708929,4671531.767684019,racing_line
-10033723.155441297,4671532.004337277,racing_line
-10033723.20377763,4671532.240996813,racing_line
-10033723.251934879,4671532.477691478,racing_line
-10033723.299889743,4671532.7144168485,racing_line
-10033723.347630177,4671532.951164473,racing_line
-10033723.39515806,4671533.187922217,racing_line
-10033723.442490336,4671533.424675094,racing_line
-10033723.489755608,4671533.661387583,racing_line
-10033723.537045415,4671533.898033807,racing_line
-10033723.584429916,4671534.134595486,racing_line
-10033723.631974451,4671534.371059497,racing_line
-10033723.67973281,4671534.607419539,racing_line
-10033723.727480024,4671534.843733026,racing_line
-10033723.774925077,4671535.0800745925,racing_line
-10033723.82206415,4671535.316459105,racing_line
-10033723.868912607,4671535.552897617,racing_line
-10033723.91550143,4671535.7893969435,racing_line
-10033723.961871993,4671536.025959903,racing_line
-10033724.008070406,4671536.262586029,racing_line
-10033724.054142447,4671536.49927249,racing_line
-10033724.100130036,4671536.736014935,racing_line
-10033724.146069236,4671536.972808187,racing_line
-10033724.191989593,4671537.209646675,racing_line
-10033724.237914424,4671537.446524675,racing_line
-10033724.283861237,4671537.683436457,racing_line
-10033724.32992948,4671537.920360005,racing_line
-10033724.376200844,4671538.157275915,racing_line
-10033724.422623001,4671538.394189475,racing_line
-10033724.469010148,4671538.631132619,racing_line
-10033724.51525963,4671538.868120785,racing_line
-10033724.561387986,4671539.1051461315,racing_line
-10033724.607416475,4671539.342201012,racing_line
-10033724.653369825,4671539.579278601,racing_line
-10033724.699274415,4671539.816373564,racing_line
-10033724.745175535,4671540.053479996,racing_line
-10033724.790960379,4671540.290625099,racing_line
-10033724.8366144,4671540.52781727,racing_line
-10033724.882131666,4671540.7650643075,racing_line
-10033724.927515807,4671541.002372646,racing_line
-10033724.972779766,4671541.239746762,racing_line
-10033725.017944455,4671541.47718882,racing_line
-10033725.063036509,4671541.714698559,racing_line
-10033725.108085468,4671541.952273453,racing_line
-10033725.153120723,4671542.189909056,racing_line
-10033725.198168503,4671542.427599544,racing_line
-10033725.243249144,4671542.665338414,racing_line
-10033725.288375039,4671542.903119213,racing_line
-10033725.333549438,4671543.140936299,racing_line
-10033725.378766406,4671543.378785467,racing_line
-10033725.424011998,4671543.616664382,racing_line
-10033725.469266402,4671543.854572766,racing_line
-10033725.514479509,4671544.092517635,racing_line
-10033725.559562966,4671544.3305151295,racing_line
-10033725.604548898,4671544.568559742,racing_line
-10033725.649527512,4671544.806636825,racing_line
-10033725.694509704,4671545.04474771,racing_line
-10033725.739500865,4671545.282895675,racing_line
-10033725.784404054,4671545.521104392,racing_line
-10033725.829167336,4671545.759388767,racing_line
-10033725.873834219,4671545.997745426,racing_line
-10033725.918443255,4671546.236171244,racing_line
-10033725.963005032,4671546.474667488,racing_line
-10033726.007528387,4671546.7132349685,racing_line
-10033726.05202001,4671546.951874215,racing_line
-10033726.096484924,4671547.19058551,racing_line
-10033726.140927598,4671547.429368772,racing_line
-10033726.185353346,4671547.668223316,racing_line
-10033726.229769463,4671547.907147557,racing_line
-10033726.274185676,4671548.14613878,racing_line
-10033726.318613656,4671548.385193028,racing_line
-10033726.363065567,4671548.624305237,racing_line
-10033726.407551926,4671548.863469596,racing_line
-10033726.452079356,4671549.102680072,racing_line
-10033726.49664867,4671549.341931055,racing_line
-10033726.541254036,4671549.581217939,racing_line
-10033726.585795801,4671549.820553983,racing_line
-10033726.630181544,4671550.059951853,racing_line
-10033726.67444415,4671550.299401835,racing_line
-10033726.718619466,4671550.53889501,racing_line
-10033726.76274309,4671550.7784239,racing_line
-10033726.80684771,4671551.017982859,racing_line
-10033726.850961123,4671551.257568226,racing_line
-10033726.89510501,4671551.497178238,racing_line
-10033726.93929434,4671551.736812791,racing_line
-10033726.983441617,4671551.976491187,racing_line
-10033727.027514827,4671552.216221988,racing_line
-10033727.071521217,4671552.456005858,racing_line
-10033727.115468025,4671552.695842869,racing_line
-10033727.159361485,4671552.935732696,racing_line
-10033727.203206219,4671553.1756748,racing_line
-10033727.247004999,4671553.415668617,racing_line
-10033727.290758945,4671553.655713683,racing_line
-10033727.334467987,4671553.895809705,racing_line
-10033727.378131568,4671554.135956567,racing_line
-10033727.421749359,4671554.3761542635,racing_line
-10033727.465321988,4671554.616402783,racing_line
-10033727.50885155,4671554.856701966,racing_line
-10033727.552341897,4671555.0970513355,racing_line
-10033727.595798496,4671555.3374499595,racing_line
-10033727.639227912,4671555.577896396,racing_line
-10033727.68263695,4671555.818388693,racing_line
-10033727.726031583,4671556.058924496,racing_line
-10033727.769415803,4671556.2995012505,racing_line
-10033727.81278719,4671556.5401171,racing_line
-10033727.85608467,4671556.780780714,racing_line
-10033727.899324536,4671557.021486413,racing_line
-10033727.942525722,4671557.262228276,racing_line
-10033727.985708963,4671557.503000608,racing_line
-10033728.028895505,4671557.743798462,racing_line
-10033728.07203663,4671557.984630894,racing_line
-10033728.11509167,4671558.225506591,racing_line
-10033728.158051137,4671558.466429526,racing_line
-10033728.200910574,4671558.707403585,racing_line
-10033728.243671086,4671558.94843213,racing_line
-10033728.28633893,4671559.18951772,racing_line
-10033728.32892432,4671559.430661977,racing_line
-10033728.37143971,4671559.671865635,racing_line
-10033728.413897954,4671559.913128719,racing_line
-10033728.456310753,4671560.154450817,racing_line
-10033728.498687621,4671560.39583133,racing_line
-10033728.541035453,4671560.637269702,racing_line
-10033728.583358673,4671560.878765557,racing_line
-10033728.625659745,4671561.120318744,racing_line
-10033728.667939896,4671561.36192934,racing_line
-10033728.71019971,4671561.6035975525,racing_line
-10033728.75243947,4671561.84532368,racing_line
-10033728.79465931,4671562.087108056,racing_line
-10033728.836859073,4671562.328951016,racing_line
-10033728.879038101,4671562.570852933,racing_line
-10033728.921194978,4671562.812814262,racing_line
-10033728.963327391,4671563.0548355905,racing_line
-10033729.005432121,4671563.2969177235,racing_line
-10033729.0475052,4671563.539061735,racing_line
-10033729.089542324,4671563.781268986,racing_line
-10033729.131539369,4671564.023541106,racing_line
-10033729.17349296,4671564.265879929,racing_line
-10033729.215401098,4671564.5082874,racing_line
-10033729.257263571,4671564.750765408,racing_line
-10033729.299082207,4671564.993315685,racing_line
-10033729.340860758,4671565.23593965,racing_line
-10033729.382604524,4671565.478638353,racing_line
-10033729.424319841,4671565.721412415,racing_line
-10033729.46601332,4671565.9642620385,racing_line
-10033729.507691069,4671566.207187076,racing_line
-10033729.549357988,4671566.45018713,racing_line
-10033729.591017134,4671566.693261694,racing_line
-10033729.6326693,4671566.936410327,racing_line
-10033729.674312841,4671567.179632822,racing_line
-10033729.715943817,4671567.42292936,racing_line
-10033729.757556513,4671567.666300615,racing_line
-10033729.7991442,4671567.909747796,racing_line
-10033729.840700082,4671568.153272607,racing_line
-10033729.882218271,4671568.39687715,racing_line
-10033729.923694678,4671568.640563764,racing_line
-10033729.96514322,4671568.884332228,racing_line
-10033730.006581064,4671569.128182083,racing_line
-10033730.047995344,4671569.372117988,racing_line
-10033730.089372195,4671569.616144659,racing_line
-10033730.130697493,4671569.860266538,racing_line
-10033730.171979304,4671570.104483867,racing_line
-10033730.213254595,4671570.348791469,racing_line
-10033730.254530273,4671570.593188593,racing_line
-10033730.29581093,4671570.837674346,racing_line
-10033730.337098466,4671571.082247906,racing_line
-10033730.378392246,4671571.3269086685,racing_line
-10033730.419689719,4671571.571656307,racing_line
-10033730.46098732,4671571.81649076,racing_line
-10033730.502281401,4671572.061412133,racing_line
-10033730.543568913,4671572.306420584,racing_line
-10033730.5848478,4671572.551516209,racing_line
-10033730.626116943,4671572.796698971,racing_line
-10033730.667375803,4671573.041968694,racing_line
-10033730.708623892,4671573.287325114,racing_line
-10033730.749860313,4671573.532767944,racing_line
-10033730.791083433,4671573.778296994,racing_line
-10033730.832290966,4671574.023912216,racing_line
-10033730.873480305,4671574.269613717,racing_line
-10033730.914648991,4671574.515401745,racing_line
-10033730.955795318,4671574.761276584,racing_line
-10033730.996918768,4671575.007238463,racing_line
-10033731.038020253,4671575.253287435,racing_line
-10033731.079102142,4671575.499423271,racing_line
-10033731.120167937,4671575.745645415,racing_line
-10033731.161221705,4671575.991952962,racing_line
-10033731.202267375,4671576.238344731,racing_line
-10033731.243307993,4671576.484819373,racing_line
-10033731.284344994,4671576.731375536,racing_line
-10033731.32537784,4671576.978012038,racing_line
-10033731.366403881,4671577.2247280255,racing_line
-10033731.407418583,4671577.471523089,racing_line
-10033731.448416064,4671577.718397342,racing_line
-10033731.489389785,4671577.9653514065,racing_line
-10033731.530333403,4671578.212386373,racing_line
-10033731.571241587,4671578.459503675,racing_line
-10033731.612110842,4671578.706704899,racing_line
-10033731.65294009,4671578.953991593,racing_line
-10033731.693730995,4671579.201365031,racing_line
-10033731.734487966,4671579.448826009,racing_line
-10033731.775217757,4671579.696374675,racing_line
-10033731.8159287,4671579.944010442,racing_line
-10033731.856629726,4671580.19173198,racing_line
-10033731.897329241,4671580.4395373035,racing_line
-10033731.938041154,4671580.687422761,racing_line
-10033731.978764161,4671580.935386457,racing_line
-10033732.019474497,4671581.183429638,racing_line
-10033732.060162466,4671581.431550922,racing_line
-10033732.10083967,4671581.679745177,racing_line
-10033732.141518323,4671581.928007286,racing_line
-10033732.182210635,4671582.176332487,racing_line
-10033732.222906474,4671582.424720297,racing_line
-10033732.263566809,4671582.673175738,racing_line
-10033732.304182764,4671582.921699474,racing_line
-10033732.344748031,4671583.170292352,racing_line
-10033732.385259455,4671583.41895516,racing_line
-10033732.425717024,4671583.66768844,racing_line
-10033732.466123428,4671583.91649236,racing_line
-10033732.506483328,4671584.165366683,racing_line
-10033732.546802513,4671584.4143108,racing_line
-10033732.587087225,4671584.663323791,racing_line
-10033732.627343684,4671584.912404497,racing_line
-10033732.667577885,4671585.161551572,racing_line
-10033732.707795542,4671585.410763504,racing_line
-10033732.74800212,4671585.660038626,racing_line
-10033732.78821433,4671585.90937325,racing_line
-10033732.82847318,4671586.158759572,racing_line
-10033732.868772194,4671586.408197092,racing_line
-10033732.909101818,4671586.657685533,racing_line
-10033732.94945041,4671586.907224697,racing_line
-10033732.989805173,4671587.15681438,racing_line
-10033733.030153047,4671587.406454312,racing_line
-10033733.070481502,4671587.656144148,racing_line
-10033733.11077923,4671587.905883476,racing_line
-10033733.151036762,4671588.155671837,racing_line
-10033733.191246964,4671588.40550874,racing_line
-10033733.231405474,4671588.655393623,racing_line
-10033733.271528296,4671588.905323043,racing_line
-10033733.311617773,4671589.155296047,racing_line
-10033733.35167405,4671589.405312208,racing_line
-10033733.391699895,4671589.655370703,racing_line
-10033733.431700408,4671589.905470171,racing_line
-10033733.471682515,4671590.15560863,racing_line
-10033733.51165422,4671590.4057834465,racing_line
-10033733.551623806,4671590.655991364,racing_line
-10033733.591599047,4671590.906228572,racing_line
-10033733.631586378,4671591.156490838,racing_line
-10033733.67159032,4671591.406773683,racing_line
-10033733.711616155,4671591.65707206,racing_line
-10033733.751674827,4671591.907379743,racing_line
-10033733.791764028,4671592.157692536,racing_line
-10033733.83187928,4671592.408006681,racing_line
-10033733.872014543,4671592.6583189275,racing_line
-10033733.91216274,4671592.908626562,racing_line
-10033733.952309288,4671593.15892853,racing_line
-10033733.992452387,4671593.409222188,racing_line
-10033734.032594424,4671593.659504667,racing_line
-10033734.072720494,4671593.909776274,racing_line
-10033734.112824813,4671594.160036167,racing_line
-10033734.152902624,4671594.410283545,racing_line
-10033734.192950383,4671594.660517541,racing_line
-10033734.232965924,4671594.910737103,racing_line
-10033734.272948708,4671595.160940887,racing_line
-10033734.312899992,4671595.411127193,racing_line
-10033734.352822924,4671595.661293909,racing_line
-10033734.392722487,4671595.911438515,racing_line
-10033734.432605345,4671596.161558067,racing_line
-10033734.472479515,4671596.411649233,racing_line
-10033734.512353858,4671596.661708315,racing_line
-10033734.5522375,4671596.91173128,racing_line
-10033734.59213914,4671597.161713793,racing_line
-10033734.632066287,4671597.411651278,racing_line
-10033734.672024556,4671597.661538996,racing_line
-10033734.71201706,4671597.9113721475,racing_line
-10033734.752044085,4671598.161145961,racing_line
-10033734.792091507,4671598.410857651,racing_line
-10033734.832117872,4671598.660508595,racing_line
-10033734.872126475,4671598.910092972,racing_line
-10033734.912121283,4671599.1596049145,racing_line
-10033734.952106472,4671599.4090387,racing_line
-10033734.992085965,4671599.658388896,racing_line
-10033735.03206309,4671599.907650469,racing_line
-10033735.072040372,4671600.156818833,racing_line
-10033735.112019502,4671600.405889861,racing_line
-10033735.152001416,4671600.654859869,racing_line
-10033735.19198651,4671600.90372555,racing_line
-10033735.231974911,4671601.152483931,racing_line
-10033735.271949464,4671601.401135091,racing_line
-10033735.311910167,4671601.649676642,racing_line
-10033735.351862788,4671601.898105569,racing_line
-10033735.391813818,4671602.14641905,racing_line
-10033735.43177022,4671602.394614511,racing_line
-10033735.471739154,4671602.642689678,racing_line
-10033735.511727817,4671602.890642599,racing_line
-10033735.551743247,4671603.138471663,racing_line
-10033735.591792244,4671603.386175577,racing_line
-10033735.631881358,4671603.633753325,racing_line
-10033735.67201684,4671603.881204134,racing_line
-10033735.712201547,4671604.128527895,racing_line
-10033735.752429882,4671604.375725918,racing_line
-10033735.79270689,4671604.622797821,racing_line
-10033735.833037488,4671604.869743194,racing_line
-10033735.873426376,4671605.116561585,racing_line
-10033735.91387802,4671605.363252452,racing_line
-10033735.954396542,4671605.6098151915,racing_line
-10033735.994985621,4671605.856249139,racing_line
-10033736.03564843,4671606.102553601,racing_line
-10033736.076387564,4671606.34872792,racing_line
-10033736.117204968,4671606.59477152,racing_line
-10033736.15810192,4671606.84068398,racing_line
-10033736.199079065,4671607.086465103,racing_line
-10033736.240136541,4671607.33211495,racing_line
-10033736.281274226,4671607.577633874,racing_line
-10033736.322492078,4671607.823022509,racing_line
-10033736.363790669,4671608.068281715,racing_line
-10033736.40517181,4671608.313412512,racing_line
-10033736.446639225,4671608.55841599,racing_line
-10033736.488199085,4671608.803293239,racing_line
-10033736.529860478,4671609.048045306,racing_line
-10033736.571635466,4671609.292673185,racing_line
-10033736.61353885,4671609.537177864,racing_line
-10033736.655587543,4671609.781560414,racing_line
-10033736.697799642,4671610.025822055,racing_line
-10033736.74019336,4671610.26996426,racing_line
-10033736.782786002,4671610.513988784,racing_line
-10033736.825593065,4671610.757897658,racing_line
-10033736.868627777,4671611.001693134,racing_line
-10033736.911900897,4671611.245377589,racing_line
-10033736.9554208,4671611.488953428,racing_line
-10033736.999193683,4671611.732423009,racing_line
-10033737.043223899,4671611.975788565,racing_line
-10033737.08751421,4671612.219052165,racing_line
-10033737.132066045,4671612.462215697,racing_line
-10033737.1768796,4671612.70528085,racing_line
-10033737.22195403,4671612.9482490625,racing_line
-10033737.267287543,4671613.191121496,racing_line
-10033737.312877668,4671613.4338989295,racing_line
-10033737.358721731,4671613.676581631,racing_line
-10033737.404817497,4671613.919169198,racing_line
-10033737.451164156,4671614.1616603695,racing_line
-10033737.49776353,4671614.404052854,racing_line
-10033737.544621555,4671614.64634316,racing_line
-10033737.591749765,4671614.888526535,racing_line
-10033737.63916669,4671615.130596984,racing_line
-10033737.686899018,4671615.372547431,racing_line
-10033737.734982185,4671615.614370037,racing_line
-10033737.783460177,4671615.856056676,racing_line
-10033737.832384488,4671616.097599556,racing_line
-10033737.881812014,4671616.338991934,racing_line
-10033737.931801936,4671616.580228897,racing_line
-10033737.982411548,4671616.82130813,racing_line
-10033738.033691466,4671617.062230628,racing_line
-10033738.0856804,4671617.303001229,racing_line
-10033738.138400069,4671617.543628978,racing_line
-10033738.19185086,4671617.784127181,racing_line
-10033738.24600897,4671618.024513086,racing_line
-10033738.30082573,4671618.264807073,racing_line
-10033738.356229922,4671618.505031211,racing_line
-10033738.41213332,4671618.74520717,racing_line
-10033738.468439564,4671618.985353447,racing_line
-10033738.525055692,4671619.225482166,racing_line
-10033738.581904735,4671619.465595934,racing_line
-10033738.638937118,4671619.705685498,racing_line
-10033738.69613849,4671619.945728892,racing_line
-10033738.753532402,4671620.185692508,racing_line
-10033738.811177418,4671620.425533993,racing_line
-10033738.869160071,4671620.665206282,racing_line
-10033738.927585548,4671620.904661932,racing_line
-10033738.986567883,4671621.143857032,racing_line
-10033739.046221279,4671621.382754147,racing_line
-10033739.10665325,4671621.621324122,racing_line
-10033739.167959806,4671621.85954686,racing_line
-10033739.2302225,4671622.097411239,racing_line
-10033739.293506805,4671622.334914548,racing_line
-10033739.357861163,4671622.572061684,racing_line
-10033739.423316244,4671622.808864353,racing_line
-10033739.489883961,4671623.045340439,racing_line
-10033739.557556301,4671623.281513516,racing_line
-10033739.626304163,4671623.51741242,racing_line
-10033739.696076794,4671623.753070732,racing_line
-10033739.766802438,4671623.9885258665,racing_line
-10033739.83839085,4671624.223817595,racing_line
-10033739.9107382,4671624.458985699,racing_line
-10033739.983734723,4671624.694066675,racing_line
-10033740.057274738,4671624.929089617,racing_line
-10033740.131268356,4671625.164071646,racing_line
-10033740.205653304,4671625.399013672,racing_line
-10033740.28040494,4671625.633897423,racing_line
-10033740.35554238,4671625.86868469,racing_line
-10033740.431129582,4671626.1033192165,racing_line
-10033740.507271225,4671626.337731041,racing_line
-10033740.5841041,4671626.571842542,racing_line
-10033740.661785332,4671626.805575284,racing_line
-10033740.740478644,4671627.038856734,racing_line
-10033740.820339836,4671627.271626215,racing_line
-10033740.901502572,4671627.503839613,racing_line
-10033740.984066103,4671627.7354724435,racing_line
-10033741.068086449,4671627.966520972,racing_line
-10033741.15357256,4671628.197001273,racing_line
-10033741.240488244,4671628.426946315,racing_line
-10033741.328759432,4671628.656401644,racing_line
-10033741.418285154,4671628.88542036,racing_line
-10033741.50895045,4671629.114058159,racing_line
-10033741.600638982,4671629.342369042,racing_line
-10033741.693244107,4671629.570401961,racing_line
-10033741.786677111,4671629.798198523,racing_line
-10033741.88087223,4671630.02579163,racing_line
-10033741.975788105,4671630.253204897,racing_line
-10033742.071405992,4671630.480452546,racing_line
-10033742.167725429,4671630.707539467,racing_line
-10033742.26475835,4671630.934461135,racing_line
-10033742.362523414,4671631.161202984,racing_line
-10033742.461042676,4671631.387738894,racing_line
-10033742.560342263,4671631.614028698,racing_line
-10033742.660457624,4671631.840015185,racing_line
-10033742.761442248,4671632.06562156,racing_line
-10033742.863376817,4671632.290750766,racing_line
-10033742.966375243,4671632.5152879665,racing_line
-10033743.070584364,4671632.739106821,racing_line
-10033743.339136144,4671632.884387823,racing_line
-10033743.462964855,4671633.097899832,racing_line
-10033743.583847025,4671633.312604606,racing_line
-10033743.699952098,4671633.529376101,racing_line
-10033743.810426863,4671633.748628785,racing_line
-10033743.915629394,4671633.970213482,racing_line
-10033744.017043067,4671634.193469997,racing_line
-10033743.964435492,4671634.493523208,racing_line
-10033744.08400994,4671634.708424998,racing_line
-10033744.20495784,4671634.922663759,racing_line
-10033744.327135257,4671635.136355126,racing_line
-10033744.450436626,4671635.349591253,racing_line
-10033744.574805971,4671635.56243263,racing_line
-10033744.700239353,4671635.7749048,racing_line
-10033744.826778939,4671635.987000249,racing_line
-10033744.954500083,4671636.1986848805,racing_line
-10033745.08349391,4671636.409907555,racing_line
-10033745.213848442,4671636.620610773,racing_line
-10033745.345631527,4671636.830740254,racing_line
-10033745.47887872,4671637.0402513975,racing_line
-10033745.613588039,4671637.249111322,racing_line
-10033745.749722082,4671637.457296415,racing_line
-10033745.887216628,4671637.66478606,racing_line
-10033746.02599432,4671637.8715539,racing_line
-10033746.165981315,4671638.07755827,racing_line
-10033746.30712501,4671638.282733375,racing_line
-10033746.449410584,4671638.486982716,racing_line
-10033746.59287377,4671638.690176139,racing_line
-10033746.891847312,4671638.786803435,racing_line
-10033747.05876385,4671638.971816871,racing_line
-10033747.228434395,4671639.154326196,racing_line
-10033747.398373345,4671639.336068925,racing_line
-10033747.565869559,4671639.518971977,racing_line
-10033747.728394814,4671639.704838495,racing_line
-10033747.884020217,4671639.895057891,racing_line
-10033748.031830512,4671640.090353465,racing_line
-10033748.172229918,4671640.290622274,racing_line
-10033748.307042647,4671640.494893523,racing_line
-10033748.439335078,4671640.70141584,racing_line
-10033748.457409471,4671640.996689733,racing_line
-10033748.626062617,4671641.1791938655,racing_line
-10033748.796150101,4671641.361489049,racing_line
-10033748.9675107,4671641.543839401,racing_line
-10033749.140031569,4671641.726381701,racing_line
-10033749.31364936,4671641.909107076,racing_line
-10033749.488343313,4671642.09186551,racing_line
-10033749.6641231,4671642.274390409,racing_line
-10033749.841014843,4671642.456335733,racing_line
-10033750.019048367,4671642.637316773,racing_line
-10033750.32642724,4671642.689812505,racing_line
-10033750.520231688,4671642.851454935,racing_line
-10033750.713218454,4671643.012810762,racing_line
-10033750.905892324,4671643.173330069,racing_line
-10033751.098685501,4671643.332312574,racing_line
-10033751.291842874,4671643.48944029,racing_line
-10033751.485167312,4671643.644929717,racing_line
-10033751.678028425,4671643.799544579,racing_line
-10033751.86953,4671643.9544245675,racing_line
-10033752.058772968,4671644.110797868,racing_line
-10033752.24513525,4671644.269668549,racing_line
-10033752.428514034,4671644.431539436,racing_line
-10033752.609460194,4671644.596241745,racing_line
-10033752.789175874,4671644.762891268,racing_line
-10033752.969371548,4671644.929968778,racing_line
-10033753.152027613,4671645.095481845,racing_line
-10033753.25734141,4671645.365943966,racing_line
-10033753.462646931,4671645.508383452,racing_line
-10033753.669379678,4671645.650165186,racing_line
-10033753.877447298,4671645.791337694,racing_line
-10033754.086777393,4671645.931820955,racing_line
-10033754.297324058,4671646.071407894,racing_line
-10033754.602842683,4671646.063215301,racing_line
-10033754.832123771,4671646.169429756,racing_line
-10033755.062956141,4671646.272050682,racing_line
-10033755.293383466,4671646.37426964,racing_line
-10033755.520932887,4671646.479298594,racing_line
-10033755.743735168,4671646.590356028,racing_line
-10033755.961758517,4671646.710438813,racing_line
-10033756.174277369,4671646.8400349105,racing_line
-10033756.381716097,4671646.977749396,racing_line
-10033756.585939363,4671647.120658927,racing_line
-10033756.789482936,4671647.264641391,racing_line
-10033756.994998492,4671647.405116184,racing_line
-10033757.146623265,4671647.661581021,racing_line
-10033757.372170106,4671647.765731882,racing_line
-10033757.598159615,4671647.86861898,racing_line
-10033757.82470161,4671647.970375428,racing_line
-10033758.051987588,4671648.070999369,racing_line
-10033758.340071559,4671648.019352604,racing_line
-10033758.578034997,4671648.088822058,racing_line
-10033758.816239096,4671648.158502377,racing_line
-10033759.05355386,4671648.232463906,racing_line
-10033759.289448107,4671648.31322228,racing_line
-10033759.524085468,4671648.401065379,racing_line
-10033759.758279352,4671648.49390478,racing_line
-10033759.993268777,4671648.587780076,racing_line
-10033760.259915333,4671648.579056406,racing_line
-10033760.490274247,4671648.6946396995,racing_line
-10033760.700505616,4671648.881401846,racing_line
-10033760.897228707,4671649.123085961,racing_line
-10033761.209562743,4671648.936205797,racing_line
-10033761.458348854,4671648.983531261,racing_line
-10033761.705611892,4671649.034079842,racing_line
-10033761.948868781,4671649.093331086,racing_line
-10033762.188889839,4671649.164470566,racing_line
-10033762.426236277,4671649.2463947665,racing_line
-10033762.661749097,4671649.334233403,racing_line
-10033762.897346366,4671649.421157668,racing_line
-10033763.105584966,4671649.655548817,racing_line
-10033763.351565382,4671649.701192289,racing_line
-10033763.598048866,4671649.745362032,racing_line
-10033763.845234804,4671649.788160922,racing_line
-10033764.093320882,4671649.829521687,racing_line
-10033764.367887387,4671649.683415459,racing_line
-10033764.620045155,4671649.690485014,racing_line
-10033764.872876469,4671649.69743902,racing_line
-10033765.126141774,4671649.708140587,racing_line
-10033765.379740626,4671649.725317873,racing_line
-10033765.633671392,4671649.750279592,racing_line
-10033765.888009591,4671649.782846677,racing_line
-10033766.142894208,4671649.82150616,racing_line
-10033766.398373071,4671649.863712299,racing_line
-10033766.654638961,4671649.90624594,racing_line
-10033766.912152331,4671649.94552144,racing_line
-10033767.165124543,4671650.132406727,racing_line
-10033767.42655131,4671650.141322105,racing_line
-10033767.687901903,4671650.148586127,racing_line
-10033767.948969299,4671650.154219861,racing_line
-10033768.20804253,4671649.986561942,racing_line
-10033768.465717817,4671649.958515726,racing_line
-10033768.722365793,4671649.924833709,racing_line
-10033768.978275172,4671649.890844128,racing_line
-10033769.233898439,4671649.861407252,racing_line
-10033769.489690552,4671649.839798706,racing_line
-10033769.745996978,4671649.827022702,racing_line
-10033770.002998428,4671649.821757164,racing_line
-10033770.260407282,4671649.82093059,racing_line
-10033770.518907312,4671649.820567324,racing_line
-10033770.778455926,4671649.816872596,racing_line
-10033771.038938131,4671649.806919453,racing_line
-10033771.300216218,4671649.789003513,racing_line
-10033771.562167356,4671649.7626760565,racing_line
-10033771.82457025,4671649.72860192,racing_line
-10033772.087531298,4671649.688253369,racing_line
-10033772.35119628,4671649.643644698,racing_line
-10033772.615705593,4671649.597033202,racing_line
-10033772.87486847,4671649.51347444,racing_line
-10033773.151665904,4671649.530680007,racing_line
-10033773.41578401,4671649.4749242235,racing_line
-10033773.681913603,4671649.427317621,racing_line
-10033773.982804585,4671649.538455663,racing_line
-10033774.248900061,4671649.481859148,racing_line
-10033774.513806093,4671649.423802195,racing_line
-10033774.777327534,4671649.364463104,racing_line
-10033775.039348736,4671649.3038898,racing_line
-10033775.299838942,4671649.24197522,racing_line
-10033775.50714944,4671648.997363544,racing_line
-10033775.754813889,4671648.9042854225,racing_line
-10033776.002145804,4671648.812839391,racing_line
-10033776.250714907,4671648.72678927,racing_line
-10033776.501514368,4671648.648048964,racing_line
-10033776.75484432,4671648.576554145,racing_line
-10033777.010402791,4671648.510618532,racing_line
-10033777.267470216,4671648.447507246,racing_line
-10033777.525097406,4671648.384035953,racing_line
-10033777.78224679,4671648.317065706,racing_line
-10033778.037892355,4671648.243875252,racing_line
-10033778.347794587,4671648.311367113,racing_line
-10033778.598597504,4671648.218131932,racing_line
-10033778.848882176,4671648.123127104,racing_line
-10033779.029349145,4671647.859629416,racing_line
-10033779.267629536,4671647.740734583,racing_line
-10033779.502827255,4671647.616036647,racing_line
-10033779.736297535,4671647.489012671,racing_line
-10033779.969122013,4671647.364221281,racing_line
-10033780.204259327,4671647.245493758,racing_line
-10033780.443211487,4671647.136146223,racing_line
-10033780.686043456,4671647.037693466,racing_line
-10033780.932146221,4671646.948742275,racing_line
-10033781.17984072,4671646.865355888,racing_line
-10033781.426717976,4671646.782008056,racing_line
-10033781.731599126,4671646.813494409,racing_line
-10033781.959297277,4671646.692020651,racing_line
-10033782.185623283,4671646.5698689725,racing_line
-10033782.410719791,4671646.44710538,racing_line
-10033782.634669546,4671646.323648136,racing_line
-10033782.857494436,4671646.199298153,racing_line
-10033782.994994791,4671645.928998648,racing_line
-10033783.20242328,4671645.782870073,racing_line
-10033783.411427105,4671645.640366044,racing_line
-10033783.623251699,4671645.5029795235,racing_line
-10033783.838120146,4671645.370751242,racing_line
-10033784.055060375,4671645.2424248485,racing_line
-10033784.272682836,4671645.115257557,racing_line
-10033784.48878191,4671644.985802745,racing_line
-10033784.630811837,4671644.744962635,racing_line
-10033785.01415205,4671644.864112949,racing_line
-10033785.22108458,4671644.7213588925,racing_line
-10033785.426772818,4671644.578119203,racing_line
-10033785.402318742,4671644.112160956,racing_line
-10033785.654017087,4671644.038042808,racing_line
-10033785.836738974,4671643.869267318,racing_line
-10033786.026439462,4671643.712979124,racing_line
-10033786.225343138,4671643.57257776,racing_line
-10033786.43255038,4671643.446774846,racing_line
-10033786.64438197,4671643.329957165,racing_line
-10033786.85563103,4671643.214171266,racing_line
-10033787.150381021,4671643.206985265,racing_line
-10033787.329014,4671643.04810979,racing_line
-10033787.506436612,4671642.888672213,racing_line
-10033787.682894137,4671642.728632659,racing_line
-10033787.85848993,4671642.567838466,racing_line
-10033788.033199428,4671642.406057912,racing_line
-10033788.086347537,4671642.1075339625,racing_line
-10033788.238289427,4671641.92267318,racing_line
-10033788.39212213,4671641.740064174,racing_line
-10033788.549848683,4671641.561680958,racing_line
-10033788.712745102,4671641.38871493,racing_line
-10033788.881297762,4671641.221524211,racing_line
-10033789.055192862,4671641.059618016,racing_line
-10033789.233349854,4671640.901700082,racing_line
-10033789.413923837,4671640.745725673,racing_line
-10033789.702113828,4671640.692010786,racing_line
-10033789.86049295,4671640.511572712,racing_line
-10033790.017617967,4671640.330548501,racing_line
-10033790.173480567,4671640.149256865,racing_line
-10033790.327970475,4671639.967914898,racing_line
-10033790.48086654,4671639.786598169,racing_line
-10033790.490884239,4671639.48969421,racing_line
-10033790.599002238,4671639.277642532,racing_line
-10033790.704130199,4671639.065869636,racing_line
-10033790.81321678,4671638.858398271,racing_line
-10033790.931275228,4671638.659094239,racing_line
-10033791.06092959,4671638.469889286,racing_line
-10033791.201969594,4671638.290346071,racing_line
-10033791.35162079,4671638.117928922,racing_line
-10033791.505541595,4671637.948769121,racing_line
-10033791.659059398,4671637.778728246,racing_line
-10033791.808249483,4671637.604370961,racing_line
-10033791.950588865,4671637.423543807,racing_line
-10033792.085130928,4671637.235484483,racing_line
-10033792.21233165,4671637.040595833,racing_line
-10033792.46363024,4671636.921727998,racing_line
-10033792.581876257,4671636.714973096,racing_line
-10033792.699309576,4671636.506200496,racing_line
-10033792.81581195,4671636.295583757,racing_line
-10033792.93227674,4671636.084367193,racing_line
-10033792.876611698,4671635.780058177,racing_line
-10033792.938452248,4671635.542530276,racing_line
-10033793.273934001,4671635.445060734,racing_line
-10033793.384119764,4671635.23091891,racing_line
-10033793.492821366,4671635.017538415,racing_line
-10033793.599929314,4671634.805250276,racing_line
-10033793.705266379,4671634.59417754,racing_line
-10033793.659214625,4671634.321492591,racing_line
-10033793.714243682,4671634.0956838075,racing_line
-10033793.76702922,4671633.871045389,racing_line
-10033793.825116575,4671633.64982751,racing_line
-10033793.893972673,4671633.433411216,racing_line
-10033793.975912904,4671633.222118712,racing_line
-10033794.070193335,4671633.015302474,racing_line
-10033794.173883485,4671632.811615887,racing_line
-10033794.282916464,4671632.6093396535,racing_line
-10033794.392941177,4671632.406869547,racing_line
-10033794.500107247,4671632.202302901,racing_line
-10033794.601025984,4671631.994443482,racing_line
-10033794.830971291,4671631.825668309,racing_line
-10033794.901803058,4671631.60497522,racing_line
-10033794.971404314,4671631.383496087,racing_line
-10033795.039719649,4671631.161394721,racing_line
-10033794.944477566,4671630.897173492,racing_line
-10033794.979565784,4671630.668761786,racing_line
-10033795.00808253,4671630.439433145,racing_line
-10033795.034820309,4671630.210407698,racing_line
-10033795.065689731,4671629.983011965,racing_line
-10033795.10668302,4671629.758550453,racing_line
-10033795.162001953,4671629.539362478,racing_line
-10033795.233553018,4671629.3233390115,racing_line
-10033795.31849208,4671629.111118314,racing_line
-10033795.41055942,4671628.901103383,racing_line
-10033795.63354905,4671628.7142112935,racing_line
-10033795.672267929,4671628.494330989,racing_line
-10033795.709919773,4671628.275221411,racing_line
-10033795.746791352,4671628.056801595,racing_line
-10033795.782972097,4671627.838924557,racing_line
-10033795.818356864,4671627.621398443,racing_line
-10033795.852684822,4671627.404015134,racing_line
-10033795.703299701,4671627.168950055,racing_line
-10033795.698753817,4671626.949810724,racing_line
-10033795.701869456,4671626.7313935775,racing_line
-10033795.714820754,4671626.513555493,racing_line
-10033795.737488221,4671626.296095393,racing_line
-10033795.767725322,4671626.078782706,racing_line
-10033795.801804183,4671625.8613714725,racing_line
-10033795.812377952,4671625.642487383,racing_line
-10033795.628815524,4671625.414736336,racing_line
-10033795.774781927,4671625.201313252,racing_line
-10033796.086613698,4671624.995459657,racing_line
-10033796.092497109,4671624.776369299,racing_line
-10033795.888101287,4671624.554293415,racing_line
-10033795.82325523,4671624.336428589,racing_line
-10033795.808611128,4671624.120303781,racing_line
-10033795.809136199,4671623.905694286,racing_line
-10033795.828401543,4671623.692730698,racing_line
-10033795.863608405,4671623.481226123,racing_line
-10033795.906469809,4671623.270703985,racing_line
-10033796.07225895,4671623.058112032,racing_line
-10033796.060662031,4671622.848188153,racing_line
-10033796.04827754,4671622.638763758,racing_line
-10033796.0352877,4671622.429589106,racing_line
-10033796.021692619,4671622.220450329,racing_line
-10033796.00733307,4671622.011185893,racing_line
-10033795.991934562,4671621.801691559,racing_line
-10033795.795082696,4671621.607599318,racing_line
-10033795.743962003,4671621.402124966,racing_line
-10033795.698200636,4671621.195858201,racing_line
-10033795.66032566,4671620.988639088,racing_line
-10033795.631784646,4671620.780260903,racing_line
-10033795.612865869,4671620.56998893,racing_line
-10033795.602843024,4671620.35778931,racing_line
-10033795.599991476,4671620.144171924,racing_line
-10033795.60144932,4671619.929392577,racing_line
-10033795.72752978,4671619.6942972,racing_line
-10033795.690447178,4671619.483241202,racing_line
-10033795.652530003,4671619.272480936,racing_line
-10033795.614055645,4671619.062173927,racing_line
-10033795.575164385,4671618.852482755,racing_line
-10033795.535824444,4671618.643557777,racing_line
-10033795.495829852,4671618.435520341,racing_line
-10033795.290582877,4671618.266252063,racing_line
-10033795.206445746,4671618.071515074,racing_line
-10033795.130015997,4671617.875700196,racing_line
-10033795.065953748,4671617.677227528,racing_line
-10033795.015406577,4671617.475461418,racing_line
-10033794.976162648,4671617.2706927415,racing_line
-10033794.943705246,4671617.063832755,racing_line
-10033794.912677167,4671616.856032879,racing_line
-10033794.878210742,4671616.648358673,racing_line
-10033794.836754832,4671616.4415799705,racing_line
-10033794.93392175,4671616.1921997825,racing_line
-10033794.87078926,4671615.988080996,racing_line
-10033794.805964414,4671615.78335087,racing_line
-10033794.739412732,4671615.578052767,racing_line
-10033794.509824885,4671615.4269728465,racing_line
-10033794.256404521,4671615.286242376,racing_line
-10033794.527274508,4671614.960966917,racing_line
-10033794.452610964,4671614.756322958,racing_line
-10033794.376785811,4671614.552037997,racing_line
-10033794.13348522,4671614.411492382,racing_line
-10033794.220430708,4671614.143813437,racing_line
-10033794.142300226,4671613.939405985,racing_line
-10033794.064220106,4671613.735806411,racing_line
-10033793.986534849,4671613.533103853,racing_line
-10033793.909372974,4671613.331355646,racing_line
-10033793.832606379,4671613.130590109,racing_line
-10033793.75587625,4671612.930813799,racing_line
-10033793.678675495,4671612.732019581,racing_line
-10033793.432589509,4671612.618560992,racing_line
-10033793.322404532,4671612.438431286,racing_line
-10033793.225634541,4671612.251275588,racing_line
-10033793.141679363,4671612.057211579,racing_line
-10033793.067658538,4671611.857591671,racing_line
-10033792.99956533,4671611.654434362,racing_line
-10033792.933141792,4671611.44992431,racing_line
-10033793.001445238,4671611.172095716,racing_line
-10033792.90892217,4671610.97978984,racing_line
-10033792.815215824,4671610.787875558,racing_line
-10033792.720474826,4671610.596382843,racing_line
-10033792.624782108,4671610.405394053,racing_line
-10033792.528148275,4671610.215040456,racing_line
-10033792.262262153,4671610.124517757,racing_line
-10033792.331268957,4671609.837309172,racing_line
-10033792.05083328,4671609.758199026,racing_line
-10033791.934313012,4671609.581938422,racing_line
-10033791.826267641,4671609.401037226,racing_line
-10033791.72976258,4671609.213718856,racing_line
-10033791.645436725,4671609.019698893,racing_line
-10033791.709689513,4671608.735359987,racing_line
-10033791.601781283,4671608.556762538,racing_line
-10033791.493326124,4671608.379260751,racing_line
-10033791.384645345,4671608.202649323,racing_line
-10033791.27597871,4671608.026752144,racing_line
-10033791.167442841,4671607.851449921,racing_line
-10033791.05901612,4671607.676696295,racing_line
-10033790.950551342,4671607.502519948,racing_line
-10033790.84181045,4671607.329013033,racing_line
-10033790.732510727,4671607.156309085,racing_line
-10033790.477980057,4671607.085958813,racing_line
-10033790.346678387,4671606.930065278,racing_line
-10033790.22248142,4671606.76933961,racing_line
-10033790.105328364,4671606.603774673,racing_line
-10033789.993875295,4671606.434342294,racing_line
-10033789.88574871,4671606.262769341,racing_line
-10033789.778088689,4671606.091515053,racing_line
-10033789.81593382,4671605.815210018,racing_line
-10033789.697509337,4671605.651708823,racing_line
-10033789.579466542,4671605.488524149,racing_line
-10033789.246994019,4671605.487539278,racing_line
-10033789.0020626,4671605.41762746,racing_line
-10033788.832041051,4671605.2901150305,racing_line
-10033788.90006536,4671604.992781371,racing_line
-10033788.776250515,4671604.8369354075,racing_line
-10033788.664230423,4671604.674235395,racing_line
-10033788.561716657,4671604.505155088,racing_line
-10033788.580250975,4671604.245457295,racing_line
-10033788.450140413,4671604.097466064,racing_line
-10033788.319628876,4671603.950368995,racing_line
-10033788.188829586,4671603.803926945,racing_line
-10033788.057767125,4671603.657969594,racing_line
-10033787.926375005,4671603.512413269,racing_line
-10033787.794508927,4671603.367261162,racing_line
-10033787.661969325,4671603.222589365,racing_line
-10033787.528527558,4671603.078523702,racing_line
-10033787.24841247,4671603.056834356,racing_line
-10033787.095302347,4671602.929696105,racing_line
-10033786.947728716,4671602.797690498,racing_line
-10033786.807336716,4671602.66016423,racing_line
-10033786.673941787,4671602.516116031,racing_line
-10033786.547104744,4671602.366119837,racing_line
-10033786.554563217,4671602.096433302,racing_line
-10033786.409490913,4671601.9599156035,racing_line
-10033786.26360274,4671601.8238697015,racing_line
-10033786.116552297,4671601.688618813,racing_line
-10033785.968996324,4671601.553791165,racing_line
-10033785.821170975,4671601.419361047,racing_line
-10033785.673225818,4671601.285394855,racing_line
-10033785.525192691,4671601.152059745,racing_line
-10033785.37697497,4671601.019614495,racing_line
-10033785.100466676,4671601.020403061,racing_line
-10033784.917087654,4671600.927600594,racing_line
-10033784.739209196,4671600.830014976,racing_line
-10033784.570926841,4671600.723110263,racing_line
-10033784.414860716,4671600.6052798135,racing_line
-10033784.269586165,4671600.47604918,racing_line
-10033784.132467082,4671600.338142929,racing_line
-10033783.99937207,4671600.19559993,racing_line
-10033783.865590584,4671600.052621733,racing_line
-10033783.727044148,4671599.912905616,racing_line
-10033783.670038454,4671599.675951818,racing_line
-10033783.505141838,4671599.561416675,racing_line
-10033783.338581719,4671599.447087267,racing_line
-10033783.170342233,4671599.3329033945,racing_line
-10033783.000416335,4671599.218897668,racing_line
-10033782.828823965,4671599.105173884,racing_line
-10033782.65563141,4671598.991877815,racing_line
-10033782.480968926,4671598.879166193,racing_line
-10033782.305155098,4671598.767074157,racing_line
-10033782.128246704,4671598.655920187,racing_line
-10033781.950697333,4671598.5456677135,racing_line
-10033781.772868667,4671598.4363587815,racing_line
-10033781.595086541,4671598.328032761,racing_line
-10033781.417578049,4671598.220756698,racing_line
-10033781.240421407,4671598.11465016,racing_line
-10033781.063526556,4671598.009893488,racing_line
-10033780.797870813,4671598.063286423,racing_line
-10033780.60287745,4671597.997620148,racing_line
-10033780.411325034,4671597.927511509,racing_line
-10033780.225021653,4671597.848867636,racing_line
-10033780.044312973,4671597.760047123,racing_line
-10033779.86818674,4671597.661665202,racing_line
-10033779.694914486,4671597.556056081,racing_line
-10033779.522474447,4671597.446447435,racing_line
-10033779.34893319,4671597.336267731,racing_line
-10033779.172684325,4671597.228669691,racing_line
-10033778.992566302,4671597.126251959,racing_line
-10033778.86496201,4671596.900953991,racing_line
-10033778.672007542,4671596.818351366,racing_line
-10033778.477773253,4671596.73667465,racing_line
-10033778.282356637,4671596.656002505,racing_line
-10033778.027301157,4671596.730572191,racing_line
-10033777.824910548,4671596.671542108,racing_line
-10033777.62169456,4671596.614643827,racing_line
-10033777.418907182,4671596.556527319,racing_line
-10033777.217775974,4671596.4935837425,racing_line
-10033777.01930803,4671596.422631346,racing_line
-10033776.82401943,4671596.341824067,racing_line
-10033776.631684406,4671596.251470321,racing_line
-10033776.484618299,4671596.005839873,racing_line
-10033776.282402312,4671595.943238087,racing_line
-10033776.080135988,4671595.881825163,racing_line
-10033775.877884367,4671595.821257019,racing_line
-10033775.675649893,4671595.761272909,racing_line
-10033775.473365415,4671595.7017399315,racing_line
-10033775.2708994,4671595.642673382,racing_line
-10033775.068072937,4671595.5842300225,racing_line
-10033774.86468464,4671595.526677115,racing_line
-10033774.629940359,4671595.64791984,racing_line
-10033774.42177056,4671595.625705483,racing_line
-10033774.2143547,4671595.5957988845,racing_line
-10033774.00759295,4671595.556098808,racing_line
-10033773.801243907,4671595.506390847,racing_line
-10033773.594978575,4671595.448260854,racing_line
-10033773.362949906,4671595.596841091,racing_line
-10033773.150294788,4671595.595047283,racing_line
-10033772.946499767,4671595.474749018,racing_line
-10033772.746463535,4671595.339597144,racing_line
-10033772.566645924,4671595.034092064,racing_line
-10033772.3543376,4671595.005992871,racing_line
-10033772.142196564,4671594.9782717265,racing_line
-10033771.958450062,4671594.768204631,racing_line
-10033771.718957532,4671594.919650673,racing_line
-10033771.49840762,4671595.074721857,racing_line
-10033771.289628973,4671595.035495918,racing_line
-10033771.08776993,4671594.836300936,racing_line
-10033770.878261995,4671594.811692009,racing_line
-10033770.669042636,4671594.788235199,racing_line
-10033770.459992446,4671594.765639499,racing_line
-10033770.250990773,4671594.743673744,racing_line
-10033770.041927688,4671594.7222030405,racing_line
-10033769.832714327,4671594.701200619,racing_line
-10033769.623290055,4671594.680737851,racing_line
-10033769.413625348,4671594.660959419,racing_line
-10033769.203720503,4671594.642051188,racing_line
-10033768.9936011,4671594.624206986,racing_line
-10033768.783311754,4671594.607598385,racing_line
-10033768.581509586,4671594.848901883,racing_line
-10033768.377349772,4671594.97862834,racing_line
-10033768.16556837,4671594.926527002,racing_line
-10033767.951015275,4671594.8667535465,racing_line
-10033767.73902384,4671594.80084111,racing_line
-10033767.523391291,4671594.558408152,racing_line
-10033767.31440143,4671594.558346773,racing_line
-10033767.105827881,4671594.559162906,racing_line
-10033766.897729537,4671594.560251756,racing_line
-10033766.690165661,4671594.5610639565,racing_line
-10033766.483189771,4671594.561146937,racing_line
-10033766.276843894,4671594.560180758,racing_line
-10033766.071155187,4671594.55800167,racing_line
-10033765.866135966,4671594.5546096545,racing_line
-10033765.661787268,4671594.550160829,racing_line
-10033765.458104677,4671594.544949455,racing_line
-10033765.255090728,4671594.539490242,racing_line
-10033765.052789984,4671594.535026377,racing_line
-10033764.851189129,4671594.5315246675,racing_line
-10033764.650282623,4671594.5288414005,racing_line
-10033764.478980567,4671594.848607973,racing_line
-10033764.285522666,4671594.926102172,racing_line
-10033764.085256243,4671594.99923415,racing_line
-10033763.885736799,4671595.0629359055,racing_line
-10033763.67617343,4671595.112883638,racing_line
-10033763.464264816,4671595.143728825,racing_line
-10033763.266354667,4671595.151918355,racing_line
-10033763.074395387,4671594.865732715,racing_line
-10033762.884868871,4671594.641424222,racing_line
-10033762.694110133,4671594.668875147,racing_line
-10033762.504350692,4671594.696890848,racing_line
-10033762.315594492,4671594.725382242,racing_line
-10033762.12787231,4671594.754336984,racing_line
-10033761.941245891,4671594.783837828,racing_line
-10033761.755808152,4671594.814052861,racing_line
-10033761.42786619,4671594.72297256,racing_line
-10033761.114498498,4671594.6597262705,racing_line
-10033760.948746065,4671594.70679373,racing_line
-10033760.814163594,4671594.775439374,racing_line
-10033760.70928839,4671594.847770167,racing_line
-10033760.674276209,4671594.9622910675,racing_line
-10033760.500084057,4671594.980047624,racing_line
-10033760.327773765,4671594.997910073,racing_line
-10033760.132714866,4671595.2706462005,racing_line
-10033759.943716502,4671595.366036146,racing_line
-10033759.75638323,4671595.438049161,racing_line
-10033759.582471985,4671595.489216802,racing_line
-10033759.414261796,4671595.52029596,racing_line
-10033759.251918182,4671595.534011651,racing_line
-10033759.095279686,4671595.533683629,racing_line
-10033758.966863247,4671595.413226393,racing_line
-10033758.85840129,4671595.251824535,racing_line
-10033758.703136005,4671595.288774994,racing_line
-10033758.549290411,4671595.325096011,racing_line
-10033758.396936268,4671595.360617958,racing_line
-10033758.246160107,4671595.395200649,racing_line
-10033758.097051527,4671595.428755626,racing_line
-10033757.949691815,4671595.461261617,racing_line
-10033757.804145277,4671595.492770011,racing_line
-10033757.66045491,4671595.523398815,racing_line
-10033757.518643305,4671595.553315084,racing_line
-10033757.378718523,4671595.58270755,racing_line
-10033757.24068372,4671595.6117523275,racing_line
-10033757.10454923,4671595.640574813,racing_line
-10033756.970345572,4671595.669211632,racing_line
-10033756.838135798,4671595.6975773405,racing_line
-10033756.68559897,4671595.622172883,racing_line
-10033756.563558972,4671595.652269502,racing_line
-10033756.44375631,4671595.683937695,racing_line
-10033756.321530186,4671595.654695028,racing_line
-10033756.20420089,4671595.530456111,racing_line
-10033756.101504404,4671595.454299125,racing_line
-10033756.009842262,4671595.368216356,racing_line
-10033755.929145455,4671595.27774173,racing_line
-10033755.85802946,4671595.191144178,racing_line
-10033755.79341354,4671595.119346727,racing_line
-10033755.727232486,4671595.073980342,racing_line
-10033755.659798604,4671595.0669932775,racing_line
-10033755.581989085,4671595.103517126,racing_line
-10033755.489406383,4671595.181354513,racing_line
-10033755.380772023,4671595.289853926,racing_line
-10033755.258556455,4671595.411909483,racing_line
-10033755.128702443,4671595.527433434,racing_line
-10033754.988171339,4671595.642844591,racing_line
-10033754.909797167,4671595.605673178,racing_line
-10033754.75427167,4671595.666114051,racing_line
-10033754.680566378,4671595.61726116,racing_line
-10033754.670545548,4671595.496583398,racing_line
-10033754.589607734,4671595.460870311,racing_line
-10033754.61058178,4671595.277789929,racing_line
-10033754.614874428,4671595.1356388815,racing_line
-10033754.628515573,4671594.994733547,racing_line
-10033754.646077797,4671594.861827962,racing_line
-10033754.661723932,4671594.742493244,racing_line
-10033754.669401245,4671594.641135634,racing_line
-10033754.663563376,4671594.560478979,racing_line
-10033754.640238412,4671594.500881037,racing_line
-10033754.59790723,4671594.460063187,racing_line
-10033754.537786014,4671594.433505867,racing_line
-10033754.463265402,4671594.415508627,racing_line
-10033754.378852997,4671594.400406196,racing_line
-10033754.289075574,4671594.383501716,racing_line
-10033754.197723411,4671594.3614862,racing_line
-10033754.107499447,4671594.332429484,racing_line
-10033754.020056386,4671594.295479704,racing_line
-10033753.936246747,4671594.250478322,racing_line
-10033753.856440814,4671594.197620164,racing_line
-10033753.78086516,4671594.137195649,racing_line
-10033753.709917879,4671594.069436186,racing_line
-10033753.644407624,4671593.994472683,racing_line
-10033753.511005756,4671593.936530555,racing_line
-10033753.490535509,4671593.836115982,racing_line
-10033753.47019978,4671593.734204444,racing_line
-10033753.449823968,4671593.63080732,racing_line
-10033753.429354703,4671593.525942131,racing_line
-10033753.40887705,4671593.419646783,racing_line
-10033753.388616325,4671593.31199383,racing_line
-10033753.488127064,4671593.197826086,racing_line
-10033753.511276094,4671593.092460101,racing_line
-10033753.533376535,4671592.989476472,racing_line
-10033753.550345266,4671592.888482628,racing_line
-10033753.55919389,4671592.788536637,racing_line
-10033753.558364723,4671592.688416539,racing_line
-10033753.547797855,4671592.586910941,racing_line
-10033753.528844923,4671592.483082202,racing_line
-10033753.504465956,4671592.374977442,racing_line
-10033753.477394411,4671592.265938767,racing_line
-10033753.451831594,4671592.155010225,racing_line
-10033753.431232536,4671592.043251472,racing_line
-10033753.418009771,4671591.931738556,racing_line
-10033753.413343322,4671591.820483923,racing_line
-10033753.415987268,4671591.710279529,racing_line
-10033753.423390057,4671591.6003577635,racing_line
-10033753.43276095,4671591.487640668,racing_line
-10033753.440457722,4671591.37017864,racing_line
-10033753.444025027,4671591.246053462,racing_line
-10033753.44258648,4671591.114153372,racing_line
-10033753.3633733,4671590.922200736,racing_line
-10033753.379465815,4671590.791154498,racing_line
-10033753.396392077,4671590.658047576,racing_line
-10033753.41384206,4671590.523317026,racing_line
-10033753.431536376,4671590.387384891,racing_line
-10033753.449270949,4671590.250620887,racing_line
-10033753.466946417,4671590.113321821,racing_line
-10033753.484577673,4671589.9757059645,racing_line
-10033753.502283992,4671589.837917615,racing_line
-10033753.520263355,4671589.70003674,racing_line
-10033753.538756568,4671589.562089713,racing_line
-10033753.558007257,4671589.4240587605,racing_line
-10033753.688111614,4671589.354266122,racing_line
-10033753.711154487,4671589.221791021,racing_line
-10033753.622012261,4671589.008775232,racing_line
-10033753.645578198,4671588.8695964515,racing_line
-10033753.670086695,4671588.729826733,racing_line
-10033753.695302235,4671588.58933009,racing_line
-10033753.720669663,4671588.44792328,racing_line
-10033753.74642404,4671588.305600159,racing_line
-10033753.772038676,4671588.162212696,racing_line
-10033753.797347296,4671588.017692565,racing_line
-10033753.82232391,4671587.872000169,racing_line
-10033753.847110502,4671587.72512672,racing_line
-10033753.872014444,4671587.577095638,racing_line
-10033753.897470854,4671587.427963439,racing_line
-10033754.049357438,4671587.416157935,racing_line
-10033754.161971115,4671587.243545543,racing_line
-10033754.21884422,4671587.105666776,racing_line
-10033754.25327121,4671586.956271961,racing_line
-10033754.266733194,4671586.794205563,racing_line
-10033754.263886672,4671586.620906093,racing_line
-10033754.121369079,4671586.363539988,racing_line
-10033754.159954358,4671586.210236417,racing_line
-10033754.199180037,4671586.056909028,racing_line
-10033754.238620762,4671585.903577931,racing_line
-10033754.277933028,4671585.750242972,racing_line
-10033754.316879509,4671585.596892817,racing_line
-10033753.748908734,4671585.368276214,racing_line
-10033753.871306323,4671585.219739472,racing_line
-10033754.039635634,4671585.0665136175,racing_line
-10033754.24034036,4671584.934560724,racing_line
-10033754.477241814,4671584.820977182,racing_line
-10033754.68551766,4671584.751918699,racing_line
-10033754.937285248,4671584.583622623,racing_line
-10033754.993060224,4671584.441922569,racing_line
-10033754.598720431,4671584.196506111,racing_line
-10033754.632305656,4671584.040576166,racing_line
-10033754.66546265,4671583.884153107,racing_line
-10033754.698506774,4671583.727313383,racing_line
-10033754.731861163,4671583.570178237,racing_line
-10033754.939269267,4671583.449502306,racing_line
-10033755.027239585,4671583.305819908,racing_line
-10033755.09542529,4671583.161485061,racing_line
-10033755.143270602,4671583.008117011,racing_line
-10033755.169422178,4671582.855356121,racing_line
-10033755.180632824,4671582.692024043,racing_line
-10033755.179735973,4671582.527766055,racing_line
-10033755.048235213,4671582.319000613,racing_line
-10033755.093951046,4671582.164255161,racing_line
-10033755.140144687,4671582.00975716,racing_line
-10033755.186495546,4671581.855429018,racing_line
-10033755.232749186,4671581.701208571,racing_line
-10033755.278742924,4671581.54705737,racing_line
-10033755.324422855,4671581.392963823,racing_line
-10033755.369850866,4671581.238940997,racing_line
-10033755.415200908,4671581.085019728,racing_line
-10033755.460743893,4671580.931238446,racing_line
-10033755.507088032,4671580.777685756,racing_line
-10033755.734417457,4671580.680261957,racing_line
-10033755.819014817,4671580.540199344,racing_line
-10033755.886648914,4671580.396298144,racing_line
-10033755.933539422,4671580.246557795,racing_line
-10033755.961512586,4671580.085809196,racing_line
-10033755.811717171,4671579.858952422,racing_line
-10033755.867874483,4671579.705678126,racing_line
-10033755.924989667,4671579.552109787,racing_line
-10033755.982684914,4671579.398181559,racing_line
-10033756.040626787,4671579.243865326,racing_line
-10033756.098574296,4671579.089178066,racing_line
-10033756.156403854,4671578.934183417,racing_line
-10033756.214109667,4671578.77898652,racing_line
-10033756.271783821,4671578.623722425,racing_line
-10033756.32958379,4671578.468539518,racing_line
-10033756.387695625,4671578.313580468,racing_line
-10033756.446300197,4671578.158963788,racing_line
-10033756.505547754,4671578.004769117,racing_line
-10033756.565544542,4671577.851028993,racing_line
-10033756.625406075,4671577.69723532,racing_line
-10033756.685893824,4671577.542996777,racing_line
-10033756.747039922,4671577.388361154,racing_line
-10033756.80881181,4671577.233380305,racing_line
-10033756.87110756,4671577.07809966,racing_line
-10033756.933742339,4671576.922543087,racing_line
-10033756.996457744,4671576.766703531,racing_line
-10033757.058958698,4671576.610541519,racing_line
-10033757.747678336,4671576.722533923,racing_line
-10033757.841475736,4671576.590842735,racing_line
-10033757.860476695,4671576.424958077,racing_line
-10033757.505584212,4671576.075676993,racing_line
-10033757.419027641,4671575.8387868125,racing_line
-10033757.499374043,4671575.68500475,racing_line
-10033757.580474647,4671575.530707201,racing_line
-10033757.661898457,4671575.375837205,racing_line
-10033757.743309941,4671575.2203669045,racing_line
-10033757.824497305,4671575.064303768,racing_line
-10033757.905376475,4671574.907691239,racing_line
-10033757.985976376,4671574.750603468,racing_line
-10033758.066412192,4671574.593135001,racing_line
-10033758.146852914,4671574.435387289,racing_line
-10033758.227487613,4671574.277454127,racing_line
-10033758.029001884,4671573.99429961,racing_line
-10033758.140964082,4671573.8465104615,racing_line
-10033758.263253426,4671573.702179815,racing_line
-10033758.541421585,4671573.637974773,racing_line
-10033758.616789768,4671573.475548571,racing_line
-10033758.691663783,4671573.312456599,racing_line
-10033758.766493145,4671573.148926433,racing_line
-10033758.841740986,4671572.985197809,racing_line
-10033758.917862557,4671572.82151027,racing_line
-10033759.205497824,4671572.758739288,racing_line
-10033759.3229376,4671572.616818318,racing_line
-10033759.426540956,4671572.472465677,racing_line
-10033759.238559596,4671572.171191162,racing_line
-10033759.322491832,4671572.009660071,racing_line
-10033759.406948164,4671571.84808732,racing_line
-10033759.492178164,4671571.686580261,racing_line
-10033759.578375578,4671571.52521356,racing_line
-10033759.665641319,4671571.364015451,racing_line
-10033759.753962077,4671571.202960312,racing_line
-10033759.843207624,4671571.041968805,racing_line
-10033759.933146164,4671570.880915845,racing_line
-10033760.023473535,4671570.719645435,racing_line
-10033759.90287627,4671570.4614736065,racing_line
-10033759.838428002,4671570.225739325,racing_line
-10033759.88780806,4671570.039112086,racing_line
-10033759.960357998,4671569.856015323,racing_line
-10033760.181103108,4671569.756509716,racing_line
-10033760.532877503,4671569.728238167,racing_line
-10033760.612630855,4671569.559787699,racing_line
-10033760.693117857,4671569.391758556,racing_line
-10033760.774161078,4671569.224097628,racing_line
-10033760.85558344,4671569.0567320585,racing_line
-10033760.937228858,4671568.889584407,racing_line
-10033761.018974885,4671568.722584115,racing_line
-10033761.100734666,4671568.555673119,racing_line
-10033761.182447929,4671568.388805283,racing_line
-10033761.264064591,4671568.221940999,racing_line
-10033761.345527872,4671568.0550399665,racing_line
-10033761.426765058,4671567.888062274,racing_line
-10033761.508066002,4671567.721220167,racing_line
-10033761.5895457,4671567.554535618,racing_line
-10033761.671307549,4671567.3880199175,racing_line
-10033761.753424011,4671567.221666887,racing_line
-10033761.835921252,4671567.055447876,racing_line
-10033761.91877072,4671566.889309943,racing_line
-10033762.00188855,4671566.723177794,racing_line
-10033762.085142465,4671566.55695952,racing_line
-10033762.000642594,4671566.312623258,racing_line
-10033761.970898766,4671566.092376764,racing_line
-10033762.057779817,4671565.922908787,racing_line
-10033762.408615785,4671565.885983892,racing_line
-10033762.48710037,4671565.716913426,racing_line
-10033762.565969415,4671565.548061937,racing_line
-10033762.645171802,4671565.379427133,racing_line
-10033762.724594455,4671565.210966285,racing_line
-10033762.80407102,4671565.042599449,racing_line
-10033762.883397048,4671564.874216821,racing_line
-10033762.962351099,4671564.705689561,racing_line
-10033763.040720383,4671564.536883044,racing_line
-10033763.118328217,4671564.367671226,racing_line
-10033763.195058994,4671564.19795035,racing_line
-10033763.270875756,4671564.027650045,racing_line
-10033763.345825903,4671563.856739945,racing_line
-10033763.421476897,4671563.685924268,racing_line
-10033763.498206941,4671563.51534906,racing_line
-10033763.575810997,4671563.34489669,racing_line
-10033763.654021394,4671563.17443542,racing_line
-10033763.732526079,4671563.003826256,racing_line
-10033763.8109846,4671562.832927782,racing_line
-10033763.889041824,4671562.661599469,racing_line
-10033763.966340426,4671562.489704369,racing_line
-10033763.842583902,4671562.226776291,racing_line
-10033764.117299076,4671562.143704267,racing_line
-10033764.19141905,4671561.969907939,racing_line
-10033764.265499257,4671561.796056915,racing_line
-10033764.339464225,4671561.622136842,racing_line
-10033764.41325764,4671561.4481333755,racing_line
-10033764.486842409,4671561.274032633,racing_line
-10033764.560192635,4671561.0998180695,racing_line
-10033764.633279227,4671560.925464435,racing_line
-10033764.706052754,4671560.750930547,racing_line
-10033764.778428754,4671560.576153284,racing_line
-10033764.850280777,4671560.401045146,racing_line
-10033764.921445109,4671560.2254970055,racing_line
-10033764.991739022,4671560.04938657,racing_line
-10033765.060990117,4671559.872591609,racing_line
-10033764.953179322,4671559.618455617,racing_line
-10033765.19592318,4671559.5165513195,racing_line
-10033765.26174403,4671559.33726418,racing_line
-10033765.328816112,4671559.158106009,racing_line
-10033765.396776162,4671558.978892129,racing_line
-10033765.46518635,4671558.799422811,racing_line
-10033765.533586007,4671558.61950366,racing_line
-10033765.601536851,4671558.438962721,racing_line
-10033765.668656744,4671558.257662715,racing_line
-10033765.546754505,4671557.999465649,racing_line
-10033765.597084384,4671557.8103710115,racing_line
-10033765.862407262,4671557.708465295,racing_line
-10033765.92494262,4671557.524020111,racing_line
-10033765.98753045,4671557.339455184,racing_line
-10033766.050103039,4671557.154778572,racing_line
-10033766.112579316,4671556.969985336,racing_line
-10033766.174871083,4671556.7850610055,racing_line
-10033766.23688758,4671556.599984692,racing_line
-10033766.29853804,4671556.414731442,racing_line
-10033766.35973268,4671556.229273714,racing_line
-10033766.420382652,4671556.043582106,racing_line
-10033766.48039923,4671555.857625386,racing_line
-10033766.539693195,4671555.671370159,racing_line
-10033766.598175034,4671555.484780553,racing_line
-10033766.655756356,4671555.297818209,racing_line
-10033766.712352928,4671555.110442933,racing_line
-10033766.76788925,4671554.922614101,racing_line
-10033766.822304536,4671554.734293041,racing_line
-10033766.87555961,4671554.5454462245,racing_line
-10033766.92764416,4671554.356049164,racing_line
-10033766.978583463,4671554.166090628,racing_line
-10033767.028443234,4671553.975576641,racing_line
-10033767.077331508,4671553.78453367,racing_line
-10033767.125396546,4671553.593010393,racing_line
-10033767.172819942,4671553.401077425,racing_line
-10033767.219804753,4671553.20882463,racing_line
-10033767.2665594,4671553.0163558815,racing_line
-10033767.313278254,4671552.823781493,racing_line
-10033767.36012065,4671552.631208923,racing_line
-10033767.407190565,4671552.438732813,racing_line
-10033767.454519946,4671552.246425845,racing_line
-10033767.502058443,4671552.05433193,racing_line
-10033767.549671719,4671551.862462906,racing_line
-10033767.597148916,4671551.670799002,racing_line
-10033767.644218799,4671551.479292724,racing_line
-10033767.69057281,4671551.287875203,racing_line
-10033767.735892657,4671551.096463891,racing_line
-10033767.590058178,4671550.866766642,racing_line
-10033767.60897339,4671550.670816931,racing_line
-10033767.63676503,4671550.476623535,racing_line
-10033767.673883418,4671550.284353608,racing_line
-10033767.719450805,4671550.093744779,racing_line
-10033767.771481236,4671549.90442115,racing_line
-10033767.82734344,4671549.715852439,racing_line
-10033768.03939541,4671549.5566334035,racing_line
-10033768.070217108,4671549.362540902,racing_line
-10033768.099994553,4671549.168099285,racing_line
-10033768.128910385,4671548.973336056,racing_line
-10033768.157116234,4671548.778280575,racing_line
-10033768.184726685,4671548.582961798,racing_line
-10033768.211818114,4671548.387406588,racing_line
-10033768.238431156,4671548.191638544,racing_line
-10033768.264575588,4671547.995677337,racing_line
-10033768.29023635,4671547.799538419,racing_line
-10033768.315379668,4671547.60323311,racing_line
-10033768.339958435,4671547.406768962,racing_line
-10033768.363916636,4671547.210150377,racing_line
-10033768.387192275,4671547.013379386,racing_line
-10033768.409719028,4671546.816456512,racing_line
-10033768.431426607,4671546.619381561,racing_line
-10033768.452240048,4671546.4221541975,racing_line
-10033768.472078573,4671546.22477423,racing_line
-10033768.490854423,4671546.027241514,racing_line
-10033768.508472584,4671545.829555461,racing_line
-10033768.52483219,4671545.631714296,racing_line
-10033768.36330884,4671545.420805839,racing_line
-10033768.366642112,4671545.222736659,racing_line
-10033768.37146052,4671545.024381943,racing_line
-10033768.379063666,4671544.826142192,racing_line
-10033768.39059701,4671544.628075025,racing_line
-10033768.40679653,4671544.430193241,racing_line
-10033768.597262455,4671544.241690682,racing_line
-10033768.601461109,4671544.042138149,racing_line
-10033768.604418643,4671543.8422444975,racing_line
-10033768.606339335,4671543.641968789,racing_line
-10033768.607442502,4671543.441271279,racing_line
-10033768.607940128,4671543.240117836,racing_line
-10033768.608013548,4671543.038485097,racing_line
-10033768.607792655,4671542.83636554,racing_line
-10033768.607341535,4671542.633771153,racing_line
-10033768.606653396,4671542.4307346335,racing_line
-10033768.605655994,4671542.227307565,racing_line
-10033768.604226075,4671542.023555938,racing_line
-10033768.602209127,4671541.819554042,racing_line
-10033768.599439966,4671541.615377963,racing_line
-10033768.59576047,4671541.411099752,racing_line
-10033768.591031827,4671541.206782781,racing_line
-10033768.585140023,4671541.002478471,racing_line
-10033768.57799535,4671540.798224267,racing_line
-10033768.56952783,4671540.594042668,racing_line
-10033768.55968171,4671540.389941156,racing_line
-10033768.548412092,4671540.1859129295,racing_line
-10033768.535685334,4671539.9819383,racing_line
-10033768.52148323,4671539.777986543,racing_line
-10033768.505809426,4671539.574017974,racing_line
-10033768.488696171,4671539.369986098,racing_line
-10033768.470209023,4671539.165839811,racing_line
-10033768.45044788,4671538.9615257345,racing_line
-10033768.429543372,4671538.756990973,racing_line
-10033768.407648448,4671538.552186364,racing_line
-10033768.384925615,4671538.3470703885,racing_line
-10033768.361530963,4671538.141613493,racing_line
-10033768.337596769,4671537.935802372,racing_line
-10033768.31321493,4671537.72964348,racing_line
-10033768.28842393,4671537.523164841,racing_line
-10033768.263201704,4671537.31641548,racing_line
-10033768.23746578,4671537.109462157,racing_line
-10033768.211080771,4671536.902383836,racing_line
-10033768.18387223,4671536.695264693,racing_line
-10033768.155645318,4671536.4881866835,racing_line
-10033768.126206778,4671536.281222528,racing_line
-10033768.09538842,4671536.074429855,racing_line
-10033767.885289961,4671535.900711605,racing_line
-10033767.854074774,4671535.694357716,racing_line
-10033767.99379193,4671535.45535619,racing_line
-10033767.956956245,4671535.24941946,racing_line
-10033767.918855611,4671535.043641282,racing_line
-10033767.87969958,4671534.837972684,racing_line
-10033767.839712432,4671534.632360798,racing_line
-10033767.799103104,4671534.426754418,racing_line
-10033767.758038793,4671534.221108729,racing_line
-10033767.716625962,4671534.015388941,racing_line
-10033767.674901258,4671533.809572583,racing_line
-10033767.632833052,4671533.603650452,racing_line
-10033767.590332694,4671533.397626134,racing_line
-10033767.547273444,4671533.191514186,racing_line
-10033767.50351394,4671532.985337261,racing_line
-10033767.45892224,4671532.779122784,racing_line
-10033767.41339626,4671532.572900053,racing_line
-10033767.366876345,4671532.36669872,racing_line
-10033767.039710522,4671532.239235866,racing_line
-10033766.987035986,4671532.033906338,racing_line
-10033766.991015155,4671531.812795021,racing_line
-10033767.1626577,4671531.545840815,racing_line
-10033767.106961299,4671531.341909853,racing_line
-10033767.050542984,4671531.138182979,racing_line
-10033766.99404442,4671530.934468379,racing_line
-10033766.938058116,4671530.730577437,racing_line
-10033766.882428266,4671530.526571507,racing_line
-10033766.825548843,4671530.323014755,racing_line
-10033766.76742972,4671530.119878052,racing_line
-10033766.708150353,4671529.917101255,racing_line
-10033766.647853516,4671529.714599624,racing_line
-10033766.586723909,4671529.512274124,racing_line
-10033766.524957892,4671529.310023691,racing_line
-10033766.462731877,4671529.107757449,racing_line
-10033766.400176011,4671528.905405042,racing_line
-10033766.337357445,4671528.70292359,racing_line
-10033766.274274927,4671528.50030043,racing_line
-10033766.210864127,4671528.297551393,racing_line
-10033766.147011887,4671528.094715149,racing_line
-10033766.082576778,4671527.891844513,racing_line
-10033766.017412905,4671527.688996292,racing_line
-10033765.95139359,4671527.486221349,racing_line
-10033765.884431815,4671527.283556584,racing_line
-10033765.816494437,4671527.081020211,racing_line
-10033765.74760844,4671526.878610963,racing_line
-10033765.677858956,4671526.6763110105,racing_line
-10033765.60697924,4671526.474265778,racing_line
-10033765.535175288,4671526.272425931,racing_line
-10033765.462819228,4671526.070679768,racing_line
-10033765.39027404,4671525.868926613,racing_line
-10033765.317872401,4671525.667081151,racing_line
-10033765.245896079,4671525.465076169,racing_line
-10033765.174185764,4671525.2630249085,racing_line
-10033765.102426244,4671525.061092809,racing_line
-10033765.03049443,4671524.859344576,racing_line
-10033764.958223466,4671524.657846202,racing_line
-10033764.885428786,4671524.456655879,racing_line
-10033764.811935998,4671524.255815498,racing_line
-10033764.737605702,4671524.0553440135,racing_line
-10033764.662351618,4671523.8552335445,racing_line
-10033764.586149685,4671523.65544892,racing_line
-10033764.509037685,4671523.455930862,racing_line
-10033764.431106329,4671523.256602597,racing_line
-10033764.352483615,4671523.057379278,racing_line
-10033764.27331534,4671522.858179046,racing_line
-10033764.193744805,4671522.658934094,racing_line
-10033763.843891568,4671522.573234344,racing_line
-10033763.728725322,4671522.38466824,racing_line
-10033763.947033262,4671522.063731941,racing_line
-10033763.861435529,4671521.866734735,racing_line
-10033763.775359327,4671521.670002747,racing_line
-10033763.688833926,4671521.473515576,racing_line
-10033763.60186486,4671521.277259864,racing_line
-10033763.514423613,4671521.081238065,racing_line
-10033763.426448695,4671520.885472994,racing_line
-10033763.337859392,4671520.690007098,racing_line
-10033763.453326615,4671520.400243952,racing_line
-10033763.386076802,4671520.202322785,racing_line
-10033763.2967473,4671520.008026035,racing_line
-10033763.19153715,4671519.826819199,racing_line
-10033762.913941594,4671519.708311578,racing_line
-10033762.834404096,4671519.5108801015,racing_line
-10033762.755878042,4671519.313433102,racing_line
-10033762.677892186,4671519.116168359,racing_line
-10033762.599982062,4671518.919279231,racing_line
-10033762.521726185,4671518.72294184,racing_line
-10033762.442771053,4671518.527305566,racing_line
-10033762.362845983,4671518.332486872,racing_line
-10033762.281769719,4671518.138566149,racing_line
-10033762.19945091,4671517.945586976,racing_line
-10033762.115884244,4671517.753557258,racing_line
-10033762.031143123,4671517.562451898,racing_line
-10033761.945369262,4671517.372216839,racing_line
-10033761.858759742,4671517.182774217,racing_line
-10033761.771552335,4671516.994028252,racing_line
-10033761.684010107,4671516.805871435,racing_line
-10033761.59680702,4671516.618016415,racing_line
-10033761.510173898,4671516.4303669,racing_line
-10033761.424172472,4671516.242898012,racing_line
-10033761.338837208,4671516.0555944275,racing_line
-10033761.254164765,4671515.868455506,racing_line
-10033761.170108497,4671515.681499069,racing_line
-10033761.086952213,4671515.494601955,racing_line
-10033761.005021375,4671515.307627307,racing_line
-10033760.92434477,4671515.120572893,racing_line
-10033760.844910707,4671514.933461806,racing_line
-10033760.76666743,4671514.7463428285,racing_line
-10033760.689522505,4671514.559290027,racing_line
-10033760.613341942,4671514.372401296,racing_line
-10033760.537950564,4671514.185795493,racing_line
-10033760.46313522,4671513.999607682,racing_line
-10033760.38865232,4671513.81398211,racing_line
-10033760.314240273,4671513.629062803,racing_line
-10033760.239636742,4671513.444982033,racing_line
-10033760.164599711,4671513.261847379,racing_line
-10033760.088930653,4671513.079728816,racing_line
-10033760.01249713,4671512.8986477535,racing_line
-10033760.128041757,4671512.636254545,racing_line
-10033760.05111968,4671512.4585673325,racing_line
-10033759.966242874,4671512.283791008,racing_line
-10033759.72164121,4671512.173038026,racing_line
-10033759.652566057,4671511.991116203,racing_line
-10033759.584602363,4671511.809088249,racing_line
-10033759.517542426,4671511.627040072,racing_line
-10033759.45118734,4671511.445062133,racing_line
-10033759.385359947,4671511.2632418,racing_line
-10033759.319913134,4671511.081658011,racing_line
-10033759.254734352,4671510.900377948,racing_line
-10033759.189747527,4671510.719455203,racing_line
-10033759.124913279,4671510.538928862,racing_line
-10033759.060228173,4671510.358823057,racing_line
-10033758.995723136,4671510.179146798,racing_line
-10033758.931460958,4671509.999894008,racing_line
-10033758.867532678,4671509.821043926,racing_line
-10033758.804052714,4671509.642562078,racing_line
-10033758.741152652,4671509.464401964,racing_line
-10033758.678973757,4671509.286507651,racing_line
-10033758.617658183,4671509.108817326,racing_line
-10033758.557339149,4671508.9312678,racing_line
-10033758.498130642,4671508.753799645,racing_line
-10033758.440117545,4671508.576362457,racing_line
-10033758.38334752,4671508.398919562,racing_line
-10033758.327825837,4671508.221451398,racing_line
-10033758.273514139,4671508.043957067,racing_line
-10033758.220333096,4671507.866454,racing_line
-10033758.168168567,4671507.688975956,racing_line
-10033758.116880462,4671507.511569853,racing_line
-10033758.06631351,4671507.334291834,racing_line
-10033758.016309164,4671507.157202993,racing_line
-10033757.966717808,4671506.980365016,racing_line
-10033757.91741021,4671506.803836071,racing_line
-10033757.868286785,4671506.627667288,racing_line
-10033757.81928381,4671506.451900164,racing_line
-10033757.77037603,4671506.276565032,racing_line
-10033757.721576117,4671506.101680649,racing_line
-10033757.672932222,4671505.927254554,racing_line
-10033757.624524917,4671505.753283977,racing_line
-10033757.576464307,4671505.579757009,racing_line
-10033757.52888761,4671505.406653835,racing_line
-10033757.481956612,4671505.233948037,racing_line
-10033757.435853988,4671505.061607936,racing_line
-10033757.390777394,4671504.88959806,racing_line
-10033757.519038567,4671504.667768541,racing_line
-10033757.501607565,4671504.491879067,racing_line
-10033757.48133644,4671504.319774567,racing_line
-10033757.454923294,4671504.147109244,racing_line
-10033757.421906343,4671503.978449703,racing_line
-10033757.381280646,4671503.813184511,racing_line
-10033757.332541367,4671503.647843815,racing_line
-10033757.27705287,4671503.483131109,racing_line
-10033757.05555829,4671503.350716925,racing_line
-10033757.026196413,4671503.180376202,racing_line
-10033756.997810714,4671503.010177389,racing_line
-10033756.97014412,4671502.840151824,racing_line
-10033756.942953877,4671502.6703371145,racing_line
-10033756.916029837,4671502.500773986,racing_line
-10033756.889210075,4671502.331502758,racing_line
-10033756.862392277,4671502.162560012,racing_line
-10033756.835539829,4671501.993976013,racing_line
-10033756.808682766,4671501.825773187,racing_line
-10033756.781914309,4671501.657965822,racing_line
-10033756.755384218,4671501.490560903,racing_line
-10033756.729290282,4671501.32355979,racing_line
-10033756.703868715,4671501.156960369,racing_line
-10033756.679383447,4671500.990759291,racing_line
-10033756.85137547,4671500.789909667,racing_line
-10033756.86813006,4671500.6244634325,racing_line
-10033756.881947013,4671500.456530145,racing_line
-10033756.89164437,4671500.294959968,racing_line
-10033756.893721094,4671500.132774084,racing_line
-10033756.886719298,4671499.973813516,racing_line
-10033756.869273357,4671499.816835364,racing_line
-10033756.841325345,4671499.657583432,racing_line
-10033756.804594837,4671499.502684079,racing_line
-10033756.76113,4671499.343885089,racing_line
-10033756.714341288,4671499.183810544,racing_line
-10033756.529293709,4671499.024903771,racing_line
-10033756.528150933,4671498.862688828,racing_line
-10033756.527692571,4671498.700525157,racing_line
-10033756.527679253,4671498.538384939,racing_line
-10033756.527945481,4671498.376252722,racing_line
-10033756.528415628,4671498.214125696,racing_line
-10033756.52911003,4671498.052013087,racing_line
-10033756.530139863,4671497.889934968,racing_line
-10033756.531691924,4671497.7279208,racing_line
-10033756.534006307,4671497.566007994,racing_line
-10033756.721736029,4671497.402350661,racing_line
-10033756.762628917,4671497.245780202,racing_line
-10033756.800485274,4671497.087699745,racing_line
-10033756.834123384,4671496.931851858,racing_line
-10033756.862956567,4671496.777935124,racing_line
-10033756.887493506,4671496.621394917,racing_line
-10033756.907657856,4671496.470576597,racing_line
-10033756.925275676,4671496.313742947,racing_line
-10033756.939697161,4671496.163367735,racing_line
-10033756.952528365,4671496.00677626,racing_line
-10033756.961941222,4671495.853860824,racing_line
-10033756.967624426,4671495.6973794205,racing_line
-10033756.967631835,4671495.539843109,racing_line
-10033756.960636182,4671495.380769403,racing_line
-10033756.947375096,4671495.21636974,racing_line
-10033756.811663672,4671495.022426792,racing_line
-10033756.84371074,4671494.865800836,racing_line
-10033756.876301158,4671494.708848948,racing_line
-10033756.90909908,4671494.551450272,racing_line
-10033756.941828076,4671494.393521667,racing_line
-10033756.97431517,4671494.235026899,racing_line
-10033757.006522812,4671494.0759811625,racing_line
-10033757.038559465,4671493.916450305,racing_line
-10033757.070665073,4671493.756544946,racing_line
-10033757.103174634,4671493.596410283,racing_line
-10033757.136467915,4671493.436212594,racing_line
-10033757.376513585,4671493.317070984,racing_line
-10033757.445251197,4671493.169322215,racing_line
-10033757.500913868,4671493.015906687,racing_line
-10033757.542385586,4671492.861673694,racing_line
-10033757.57183243,4671492.705863672,racing_line
-10033757.594297457,4671492.544252145,racing_line
-10033757.61322278,4671492.382705827,racing_line
-10033757.6337328,4671492.221550483,racing_line
-10033757.505504658,4671492.012233193,racing_line
-10033757.553662147,4671491.856646153,racing_line
-10033757.602803811,4671491.7014718745,racing_line
-10033757.652922355,4671491.5466693835,racing_line
-10033757.864169551,4671491.446942639,racing_line
-10033757.93390644,4671491.300414051,racing_line
-10033758.004862223,4671491.1551124565,racing_line
-10033758.07326998,4671491.009094467,racing_line
-10033758.136050146,4671490.8597100545,racing_line
-10033758.189950772,4671490.707480428,racing_line
-10033758.23383824,4671490.551637169,racing_line
-10033758.269349515,4671490.390100342,racing_line
-10033758.165481227,4671490.163403945,racing_line
-10033758.230027638,4671490.009525362,racing_line
-10033758.295578064,4671489.855264865,racing_line
-10033758.36186799,4671489.700561328,racing_line
-10033758.428670973,4671489.5453963075,racing_line
-10033758.495832253,4671489.389805359,racing_line
-10033758.563290967,4671489.233885228,racing_line
-10033758.631087363,4671489.077794708,racing_line
-10033758.699354297,4671488.921747506,racing_line
-10033758.768295389,4671488.765996426,racing_line
-10033759.012794662,4671488.6873112265,racing_line
-10033759.120463422,4671488.550732547,racing_line
-10033759.21988672,4671488.413887437,racing_line
-10033759.308660457,4671488.275412301,racing_line
-10033759.389175992,4671488.129176586,racing_line
-10033759.459488807,4671487.9826761745,racing_line
-10033759.52534274,4671487.831814177,racing_line
-10033759.369044792,4671487.553701435,racing_line
-10033759.450077243,4671487.405177676,racing_line
-10033759.701102603,4671487.349333983,racing_line
-10033759.902688032,4671487.269512482,racing_line
-10033760.088450901,4671487.191884509,racing_line
-10033760.11278443,4671487.009053262,racing_line
-10033760.054737167,4671486.77810968,racing_line
-10033760.139093265,4671486.629181863,racing_line
-10033760.22077481,4671486.476534544,racing_line
-10033760.170067517,4671486.223079641,racing_line
-10033760.269752238,4671486.075064113,racing_line
-10033760.37096823,4671485.926722409,racing_line
-10033760.473502811,4671485.77809344,racing_line
-10033760.577164158,4671485.629238287,racing_line
-10033760.681808148,4671485.480241492,racing_line
-10033760.787355104,4671485.331210034,racing_line
-10033760.893794337,4671485.182268437,racing_line
-10033761.001176935,4671485.033549223,racing_line
-10033761.109599095,4671484.885179128,racing_line
-10033761.219179202,4671484.737262616,racing_line
-10033761.46861733,4671484.705135346,racing_line
-10033761.58014892,4671484.5590124605,racing_line
-10033761.555859238,4671484.296623256,racing_line
-10033761.670854686,4671484.150628669,racing_line
-10033761.787150797,4671484.004863432,racing_line
-10033761.903813764,4671483.858394982,racing_line
-10033762.021216337,4671483.711538609,racing_line
-10033762.139763905,4671483.564664226,racing_line
-10033762.259613112,4671483.417930227,racing_line
-10033762.379937574,4671483.270592582,racing_line
-10033762.500676846,4671483.12262428,racing_line
-10033762.62186646,4671482.974079121,racing_line
-10033762.743643925,4671482.825089328,racing_line
-10033762.866236875,4671482.675851949,racing_line
-10033762.989934508,4671482.526605831,racing_line
-10033763.26524445,4671482.509154263,racing_line
-10033763.417141164,4671482.384021992,racing_line
-10033763.55800877,4671482.251295164,racing_line
-10033763.686346466,4671482.108858421,racing_line
-10033763.805536695,4671481.952841458,racing_line
-10033763.915122798,4671481.786780032,racing_line
-10033763.905346971,4671481.4975574,racing_line
-10033764.043175202,4671481.353163691,racing_line
-10033764.18205643,4671481.208985707,racing_line
-10033764.321645837,4671481.064782895,racing_line
-10033764.46163237,4671480.9203372,racing_line
-10033764.601766631,4671480.775478888,racing_line
-10033764.551933367,4671480.4630656205,racing_line
-10033764.682083381,4671480.303993279,racing_line
-10033764.883956788,4671480.207401481,racing_line
-10033765.296087882,4671480.310819361,racing_line
-10033765.444965525,4671480.17592689,racing_line
-10033765.575592943,4671480.019710994,racing_line
-10033765.707287814,4671479.866424057,racing_line
-10033765.716685355,4671479.591012907,racing_line
-10033765.858053716,4671479.443138955,racing_line
-10033765.99879314,4671479.294303315,racing_line
-10033766.14001199,4671479.145377066,racing_line
-10033766.281860344,4671478.99650493,racing_line
-10033766.424507512,4671478.847865879,racing_line
-10033766.568119992,4671478.699652558,racing_line
-10033766.712835135,4671478.552044445,racing_line
-10033766.858738057,4671478.405181451,racing_line
-10033767.005847214,4671478.259143789,racing_line
-10033767.15411114,4671478.113942057,racing_line
-10033767.303415598,4671477.969518792,racing_line
-10033767.4535987,4671477.82576055,racing_line
-10033767.604471048,4671477.682518164,racing_line
-10033767.755838111,4671477.539631685,racing_line
-10033767.90752259,4671477.3969565,racing_line
-10033768.05938505,4671477.254386891,racing_line
-10033768.211340804,4671477.111873606,racing_line
-10033768.363371495,4671476.969432827,racing_line
-10033768.515529905,4671476.827145293,racing_line
-10033768.808248715,4671476.831350781,racing_line
-10033768.821571099,4671476.544352308,racing_line
-10033768.976102576,4671476.404433863,racing_line
-10033769.131172337,4671476.265005097,racing_line
-10033769.417042933,4671476.268584898,racing_line
-10033769.577584662,4671476.139529805,racing_line
-10033769.730299043,4671476.000961985,racing_line
-10033769.87735267,4671475.851420978,racing_line
-10033769.922556262,4671475.5794608295,racing_line
-10033770.084939888,4671475.444834789,racing_line
-10033770.248384412,4671475.310602119,racing_line
-10033770.412656844,4671475.176544009,racing_line
-10033770.577529412,4671475.042483152,racing_line
-10033770.742809117,4671474.908311286,racing_line
-10033770.90835809,4671474.774006687,racing_line
-10033771.074102525,4671474.639639063,racing_line
-10033771.240030654,4671474.505361377,racing_line
-10033771.40618215,4671474.371390144,racing_line
-10033771.572632715,4671474.2379775755,racing_line
-10033771.739477482,4671474.105380036,racing_line
-10033771.906816345,4671473.973827609,racing_line
-10033772.074743152,4671473.843499493,racing_line
-10033772.35328445,4671473.85368678,racing_line
-10033772.62962062,4671473.87840184,racing_line
-10033772.804943832,4671473.76683531,racing_line
-10033772.757119093,4671473.339408497,racing_line
-10033772.931230646,4671473.217466932,racing_line
-10033773.106123827,4671473.096003197,racing_line
-10033773.281706873,4671472.975046611,racing_line
-10033773.457858322,4671472.85459021,racing_line
-10033773.803097446,4671472.9838788435,racing_line
-10033773.921272114,4671472.785613337,racing_line
-10033774.094236806,4671472.662742915,racing_line
-10033774.174934147,4671472.383340845,racing_line
-10033774.358307142,4671472.268084391,racing_line
-10033774.543079806,4671472.153518362,racing_line
-10033774.729037631,4671472.039475437,racing_line
-10033774.915945716,4671471.925799584,racing_line
-10033775.103580799,4671471.812372385,racing_line
-10033775.291756853,4671471.699133845,racing_line
-10033775.480340816,4671471.58609381,racing_line
-10033775.669258088,4671471.47333237,racing_line
-10033775.858489603,4671471.360989843,racing_line
-10033776.048062846,4671471.24924824,racing_line
-10033776.238039281,4671471.13830704,racing_line
-10033776.428500015,4671471.028356552,racing_line
-10033776.619531283,4671470.919552358,racing_line
-10033776.811210874,4671470.811994317,racing_line
-10033777.00359672,4671470.705713134,racing_line
-10033777.19671866,4671470.6006663805,racing_line
-10033777.39057416,4671470.496744116,racing_line
-10033777.58512855,4671470.393783144,racing_line
-10033777.780320156,4671470.291588283,racing_line
-10033777.976070233,4671470.189958625,racing_line
-10033778.172296971,4671470.088716334,racing_line
-10033778.368931856,4671469.9877346605,racing_line
-10033778.565935358,4671469.88696085,racing_line
-10033778.763308395,4671469.786429344,racing_line
-10033778.961096086,4671469.686261414,racing_line
-10033779.15938198,4671469.586649815,racing_line
-10033779.358273353,4671469.487830713,racing_line
-10033779.557880614,4671469.390048047,racing_line
-10033779.836606061,4671469.457555324,racing_line
-10033780.03883656,4671469.370335964,racing_line
-10033780.23706875,4671469.274571058,racing_line
-10033780.36467443,4671469.012582386,racing_line
-10033780.568358378,4671468.921792535,racing_line
-10033780.772636164,4671468.832229162,racing_line
-10033780.977359913,4671468.743704004,racing_line
-10033781.18238078,4671468.656024039,racing_line
-10033781.387564797,4671468.569019966,racing_line
-10033781.592805557,4671468.482568121,racing_line
-10033781.79803246,4671468.396601787,racing_line
-10033782.003213909,4671468.31110953,racing_line
-10033782.207924671,4671468.224700365,racing_line
-10033782.41211645,4671468.137160622,racing_line
-10033782.616819393,4671468.050640157,racing_line
-10033782.821983583,4671467.965233517,racing_line
-10033783.027525723,4671467.880982847,racing_line
-10033783.233376425,4671467.7979662325,racing_line
-10033783.439476833,4671467.716283517,racing_line
-10033783.645480074,4671467.634667419,racing_line
-10033783.851667069,4671467.553245924,racing_line
-10033784.058039049,4671467.472025422,racing_line
-10033784.26461333,4671467.3910952825,racing_line
-10033784.471423894,4671467.310621092,racing_line
-10033784.678514753,4671467.2308196975,racing_line
-10033784.885929152,4671467.151923362,racing_line
-10033785.093698595,4671467.074142243,racing_line
-10033785.301834859,4671466.997633161,racing_line
-10033785.510326512,4671466.922480013,racing_line
-10033785.719139758,4671466.848687713,racing_line
-10033785.928222608,4671466.776188914,racing_line
-10033786.137511067,4671466.704860909,racing_line
-10033786.346936421,4671466.634549266,racing_line
-10033786.556432925,4671466.565094503,racing_line
-10033786.765945494,4671466.4963579625,racing_line
-10033786.97543694,4671466.4282433,racing_line
-10033787.184894066,4671466.360710485,racing_line
-10033787.394331962,4671466.293780541,racing_line
-10033787.603795838,4671466.227530906,racing_line
-10033787.81335982,4671466.162082469,racing_line
-10033788.023122108,4671466.097580078,racing_line
-10033788.233196286,4671466.03416861,racing_line
-10033788.44369903,4671465.97196725,racing_line
-10033788.654735435,4671465.911045382,racing_line
-10033788.866384357,4671465.851404358,racing_line
-10033789.078686818,4671465.792969575,racing_line
-10033789.291640412,4671465.735596348,racing_line
-10033789.505201288,4671465.679090213,racing_line
-10033789.719293188,4671465.6232386725,racing_line
-10033789.933820859,4671465.567848185,racing_line
-10033790.148684477,4671465.512778899,racing_line
-10033790.363791864,4671465.457970306,racing_line
-10033790.579066593,4671465.403453136,racing_line
-10033790.794451732,4671465.34934569,racing_line
-10033791.009909969,4671465.29583573,racing_line
-10033791.225421738,4671465.243151427,racing_line
-10033791.44098274,4671465.191526396,racing_line
-10033791.656601638,4671465.1411645,racing_line
-10033791.872298054,4671465.092210149,racing_line
-10033792.08810056,4671465.044729224,racing_line
-10033792.304044418,4671464.998704465,racing_line
-10033792.52001366,4671464.9523435775,racing_line
-10033792.736384708,4671464.905945869,racing_line
-10033792.953336455,4671464.860312669,racing_line
-10033793.170823487,4671464.815570828,racing_line
-10033793.388774179,4671464.771788381,racing_line
-10033793.60709671,4671464.72895585,racing_line
-10033793.825689146,4671464.686984375,racing_line
-10033794.095701987,4671464.929490634,racing_line
-10033794.32974792,4671464.9883452905,racing_line
-10033794.484485745,4671464.571625578,racing_line
-10033794.705892231,4671464.537549859,racing_line
-10033794.928151865,4671464.504720299,racing_line
-10033795.151212968,4671464.473024132,racing_line
-10033795.374987517,4671464.442293348,racing_line
-10033795.59936597,4671464.412337614,racing_line
-10033795.824233264,4671464.382979827,racing_line
-10033796.04948229,4671464.354085941,racing_line
-10033796.27502305,4671464.325583508,racing_line
-10033796.500787426,4671464.297466743,racing_line
-10033796.726730421,4671464.269788815,racing_line
-10033796.952829052,4671464.242644035,racing_line
-10033797.179079656,4671464.216143724,racing_line
-10033797.40549405,4671464.19039006,racing_line
-10033797.632094674,4671464.165452428,racing_line
-10033797.858831413,4671464.140150461,racing_line
-10033798.085684033,4671464.113773579,racing_line
-10033798.312692817,4671464.08664888,racing_line
-10033798.53989439,4671464.059167117,racing_line
-10033798.767320253,4671464.031761517,racing_line
-10033798.994996004,4671464.004884556,racing_line
-10033799.222940933,4671463.978982934,racing_line
-10033799.471378895,4671464.1462693745,racing_line
-10033799.679682633,4671463.931706926,racing_line
-10033799.90842988,4671463.9102651095,racing_line
-10033800.137298768,4671463.8889677115,racing_line
-10033800.366300046,4671463.868020359,racing_line
-10033800.595457893,4671463.847664693,racing_line
-10033800.82480409,4671463.828140942,racing_line
-10033801.054370638,4671463.80964951,racing_line
-10033801.284182765,4671463.792318236,racing_line
-10033801.514253829,4671463.77618068,racing_line
-10033801.744583003,4671463.7611686345,racing_line
-10033801.975155523,4671463.747119591,racing_line
-10033802.205944858,4671463.733797463,racing_line
-10033802.436915545,4671463.720922977,racing_line
-10033802.668025903,4671463.708208848,racing_line
-10033802.871971969,4671463.416932461,racing_line
-10033803.104167888,4671463.385727203,racing_line
-10033803.340742394,4671463.372145524,racing_line
-10033803.592135377,4671463.639140368,racing_line
-10033803.822893333,4671463.617261053,racing_line
-10033804.053653615,4671463.596120313,racing_line
-10033804.28435798,4671463.575613309,racing_line
-10033804.51496156,4671463.555641341,racing_line
-10033804.745432142,4671463.536131145,racing_line
-10033804.975748096,4671463.517043268,racing_line
-10033805.205895301,4671463.498367377,racing_line
-10033805.435863495,4671463.480105827,racing_line
-10033805.665642943,4671463.462250663,racing_line
-10033805.895262823,4671463.445115378,racing_line
-10033806.124766158,4671463.428711172,racing_line
-10033806.354089966,4671463.412378805,racing_line
-10033806.58325151,4671463.39626675,racing_line
-10033806.812274102,4671463.380527608,racing_line
-10033807.041184004,4671463.365291538,racing_line
-10033807.270007357,4671463.350642983,racing_line
-10033807.49876766,4671463.336604947,racing_line
-10033807.727483861,4671463.323133004,racing_line
-10033807.956168728,4671463.310119453,racing_line
-10033808.18482749,4671463.29740659,racing_line
-10033808.413456675,4671463.284807122,racing_line
-10033808.62488275,4671463.047552317,racing_line
-10033808.856235167,4671463.03906548,racing_line
-10033809.098399125,4671463.237146142,racing_line
-10033809.326366846,4671463.218743289,racing_line
-10033809.5542134,4671463.200713618,racing_line
-10033809.781908747,4671463.182967702,racing_line
-10033810.009429697,4671463.165357154,racing_line
-10033810.236762423,4671463.147690292,racing_line
-10033810.463904347,4671463.129753639,racing_line
-10033810.690865714,4671463.111337351,racing_line
-10033810.91767044,4671463.092261911,racing_line
-10033811.14435587,4671463.072402311,racing_line
-10033811.371026807,4671463.052406225,racing_line
-10033811.59784555,4671463.033655442,racing_line
-10033811.824850965,4671463.016111601,racing_line
-10033812.052060686,4671462.999642461,racing_line
-10033812.279470708,4671462.9840350095,racing_line
-10033812.50705707,4671462.969010187,racing_line
-10033812.73477904,4671462.954236856,racing_line
-10033812.962583082,4671462.939344162,racing_line
-10033813.190407317,4671462.923932906,racing_line
-10033813.418185897,4671462.907587571,racing_line
-10033813.629326252,4671462.6946646385,racing_line
-10033813.855032483,4671462.634720451,racing_line
-10033814.08517115,4671462.641912832,racing_line
-10033814.327622794,4671462.825472987,racing_line
-10033814.554425567,4671462.8016973045,racing_line
-10033814.78099639,4671462.77748327,racing_line
-10033815.007323906,4671462.752791739,racing_line
-10033815.233407002,4671462.727607603,racing_line
-10033815.459253315,4671462.701921163,racing_line
-10033815.684877377,4671462.675704944,racing_line
-10033815.910298722,4671462.648892674,racing_line
-10033816.13554042,4671462.621367111,racing_line
-10033816.360628631,4671462.592961391,racing_line
-10033816.585593518,4671462.563475541,racing_line
-10033816.810471363,4671462.532705512,racing_line
-10033817.035306647,4671462.500478032,racing_line
-10033817.260152444,4671462.466682078,racing_line
-10033817.485261021,4671462.433390653,racing_line
-10033817.710723113,4671462.401080909,racing_line
-10033817.93652563,4671462.369319864,racing_line
-10033818.162629332,4671462.337595991,racing_line
-10033818.388976421,4671462.305373584,racing_line
-10033818.615497947,4671462.272141703,racing_line
-10033818.81927783,4671462.046310616,racing_line
-10033819.042622542,4671461.982403817,racing_line
-10033819.26730524,4671461.927557276,racing_line
-10033819.49309633,4671461.880770496,racing_line
-10033819.748187298,4671462.078477911,racing_line
-10033819.974372223,4671462.034361519,racing_line
-10033820.200415477,4671461.989831636,racing_line
-10033820.426277388,4671461.944827557,racing_line
-10033820.6519255,4671461.899275522,racing_line
-10033820.877332993,4671461.85309204,racing_line
-10033821.10247669,4671461.8061854625,racing_line
-10033821.327335149,4671461.758456263,racing_line
-10033821.551887166,4671461.709796548,racing_line
-10033821.77611094,4671461.660089541,racing_line
-10033821.999984065,4671461.609209795,racing_line
-10033822.223484315,4671461.55702471,racing_line
-10033822.446591083,4671461.50339781,racing_line
-10033822.633671356,4671461.269171675,racing_line
-10033822.853115594,4671461.201870955,racing_line
-10033823.072687738,4671461.13575128,racing_line
-10033823.292610142,4671461.071735039,racing_line
-10033823.513104012,4671461.010703273,racing_line
-10033823.734370211,4671460.953377577,racing_line
-10033823.956567511,4671460.900181551,racing_line
-10033824.216675092,4671461.010320729,racing_line
-10033824.436330926,4671460.940560266,racing_line
-10033824.655739823,4671460.869440863,racing_line
-10033824.874935344,4671460.797243107,racing_line
-10033825.093941934,4671460.724273555,racing_line
-10033825.31277059,4671460.650838824,racing_line
-10033825.531414952,4671460.577215004,racing_line
-10033825.749847962,4671460.503615815,racing_line
-10033825.968019208,4671460.430164194,racing_line
-10033826.185853176,4671460.3568722755,racing_line
-10033826.403248664,4671460.283633486,racing_line
-10033826.620079933,4671460.21022793,racing_line
-10033826.836200083,4671460.136339724,racing_line
-10033827.051447317,4671460.061583646,racing_line
-10033827.191254932,4671459.793936631,racing_line
-10033827.387226326,4671459.676251408,racing_line
-10033827.584610725,4671459.563421072,racing_line
-10033827.78437117,4671459.458091197,racing_line
-10033827.987644078,4671459.36172776,racing_line
-10033828.194579031,4671459.274720925,racing_line
-10033828.404478475,4671459.196250566,racing_line
-10033828.61650425,4671459.124256805,racing_line
-10033828.82960569,4671459.0559624685,racing_line
-10033829.042695682,4671458.988370496,racing_line
-10033829.254783282,4671458.918716694,racing_line
-10033829.53133636,4671458.995134417,racing_line
-10033829.730334854,4671458.892362177,racing_line
-10033829.9286461,4671458.7884043995,racing_line
-10033830.1263371,4671458.683431916,racing_line
-10033830.323444474,4671458.577563966,racing_line
-10033830.519975694,4671458.4708697535,racing_line
-10033830.715912215,4671458.363373855,racing_line
-10033830.911213618,4671458.255063849,racing_line
-10033831.10582171,4671458.145898646,racing_line
-10033831.299664082,4671458.035816403,racing_line
-10033831.492656298,4671457.92474088,racing_line
-10033831.684702575,4671457.812585559,racing_line
-10033831.787944287,4671457.550129335,racing_line
-10033831.967389015,4671457.420741444,racing_line
-10033832.144130308,4671457.287891988,racing_line
-10033832.317898272,4671457.151231752,racing_line
-10033832.488613032,4671457.010704002,racing_line
-10033832.656496318,4671456.866709613,racing_line
-10033832.822157733,4671456.720245348,racing_line
-10033832.986621732,4671456.572970747,racing_line
-10033833.151268613,4671456.42715898,racing_line
-10033833.317330753,4671456.285746213,racing_line
-10033833.486929094,4671456.151182324,racing_line
-10033833.66107146,4671456.026080705,racing_line
-10033833.840660153,4671455.911853079,racing_line
-10033834.025938852,4671455.808367764,racing_line
-10033834.216286164,4671455.713567135,racing_line
-10033834.410059324,4671455.623432147,racing_line
-10033834.672442771,4671455.626901595,racing_line
-10033834.830588963,4671455.480536539,racing_line
-10033834.988625782,4671455.333484482,racing_line
-10033835.146959819,4671455.185986614,racing_line
-10033835.305828001,4671455.038186455,racing_line
-10033835.46525881,4671454.89012377,racing_line
-10033835.625065966,4671454.741742374,racing_line
-10033835.784873988,4671454.592908414,racing_line
-10033835.944167063,4671454.443434676,racing_line
-10033835.972048827,4671454.154510865,racing_line
-10033836.08963018,4671453.964920119,racing_line
-10033836.20847322,4671453.778236828,racing_line
-10033836.329664448,4671453.595522053,racing_line
-10033836.453464584,4671453.4171133535,racing_line
-10033836.579567144,4671453.2428787835,racing_line
-10033836.70687487,4671453.073189066,racing_line
-10033836.83631241,4671452.9068741435,racing_line
-10033836.967439972,4671452.745000886,racing_line
-10033837.100946633,4671452.588392849,racing_line
-10033837.237564763,4671452.438238315,racing_line
-10033837.378096605,4671452.29525073,racing_line
-10033837.524019506,4671452.15819443,racing_line
-10033837.674841337,4671452.025916436,racing_line
-10033837.828372944,4671451.896794846,racing_line
-10033837.982340755,4671451.767119292,racing_line
-10033838.201173803,4671451.688247668,racing_line
-10033838.309384942,4671451.514302703,racing_line
-10033838.417545225,4671451.339649707,racing_line
-10033838.526007295,4671451.16435791,racing_line
-10033838.634911196,4671450.988468446,racing_line
-10033838.744154152,4671450.811995162,racing_line
-10033838.853386778,4671450.6349254735,racing_line
-10033838.962035697,4671450.457221145,racing_line
-10033838.886863293,4671450.168649123,racing_line
-10033838.923519945,4671449.951584832,racing_line
-10033838.9590871,4671449.7350370055,racing_line
-10033839.000185803,4671449.522535697,racing_line
-10033839.053305522,4671449.318223895,racing_line
-10033839.123664707,4671449.125917611,racing_line
-10033839.213636596,4671448.94851359,racing_line
-10033839.322004324,4671448.7872178545,racing_line
-10033839.446465485,4671448.637084921,racing_line
-10033839.581330359,4671448.4929364575,racing_line
-10033839.718025368,4671448.351681312,racing_line
-10033839.84962382,4671448.206912309,racing_line
-10033840.042766478,4671448.0871461425,racing_line
-10033840.101665435,4671447.904949641,racing_line
-10033840.160072085,4671447.723169622,racing_line
-10033840.218366267,4671447.541470859,racing_line
-10033840.276716268,4671447.359414917,racing_line
-10033840.3351009,4671447.176510888,racing_line
-10033840.393355759,4671446.992275083,racing_line
-10033840.451234136,4671446.806291675,racing_line
-10033840.376677746,4671446.581974819,racing_line
-10033840.418007515,4671446.390934185,racing_line
-10033840.463541303,4671446.19950622,racing_line
-10033840.507319173,4671446.005947807,racing_line
-10033840.501450736,4671445.801739589,racing_line
-10033840.41987524,4671445.5856599575,racing_line
-10033840.65866954,4671445.42446644,racing_line
-10033840.610805491,4671445.216736444,racing_line
-10033840.498319328,4671445.002391705,racing_line
-10033840.46401988,4671444.798871633,racing_line
-10033840.445921635,4671444.5965759605,racing_line
-10033840.458253669,4671444.401205994,racing_line
-10033840.508636981,4671444.217873079,racing_line
-10033840.595729126,4671444.044440289,racing_line
-10033840.708476193,4671443.877078117,racing_line
-10033840.829185877,4671443.710487171,racing_line
-10033841.05161047,4671443.547897892,racing_line
-10033841.053967068,4671443.366347061,racing_line
-10033841.055967923,4671443.185192201,racing_line
-10033841.058011143,4671443.003843821,racing_line
-10033841.06009444,4671442.82175344,racing_line
-10033841.061866045,4671442.638463246,racing_line
-10033840.899195392,4671442.459038857,racing_line
-10033840.828838544,4671442.279186798,racing_line
-10033840.768237898,4671442.098287129,racing_line
-10033840.72435033,4671441.914736879,racing_line
-10033840.7007517,4671441.727504679,racing_line
-10033840.69765442,4671441.536301331,racing_line
-10033840.712343369,4671441.3414161885,racing_line
-10033840.739932815,4671441.143420414,racing_line
-10033840.77415446,4671440.942968275,racing_line
-10033840.808025656,4671440.740819372,racing_line
-10033840.917027496,4671440.523933281,racing_line
-10033840.889483746,4671440.328015037,racing_line
-10033840.861597173,4671440.133007236,racing_line
-10033840.833634406,4671439.939278517,racing_line
-10033840.80558835,4671439.747134512,racing_line
-10033840.777168818,4671439.55679531,racing_line
-10033840.565807592,4671439.421413422,racing_line
-10033840.460664405,4671439.2613732945,racing_line
-10033840.359024812,4671439.102735229,racing_line
-10033840.27001386,4671438.940942802,racing_line
-10033840.199345328,4671438.772682702,racing_line
-10033840.148089524,4671438.596730896,racing_line
-10033840.112765182,4671438.4139179615,racing_line
-10033840.086913776,4671438.226708329,racing_line
-10033840.063378418,4671438.038294542,racing_line
-10033840.035150537,4671437.848208581,racing_line
-10033839.998944752,4671437.658471135,racing_line
-10033839.953811837,4671437.469106357,racing_line
-10033839.901034757,4671437.279449635,racing_line
-10033839.843288232,4671437.088395754,racing_line
-10033839.783813348,4671436.894656843,racing_line
-10033839.660225138,4671436.726599588,racing_line
-10033839.34049782,4671436.6478526695,racing_line
-10033839.52214502,4671436.333813611,racing_line
-10033839.396296632,4671436.165789258,racing_line
-10033839.542240009,4671435.861501271,racing_line
-10033839.694555352,4671435.548145086,racing_line
-10033839.769972898,4671435.290928485,racing_line
-10033839.408046491,4671435.232642687,racing_line
-10033839.180572504,4671435.110474797,racing_line
-10033839.096908586,4671434.924758141,racing_line
-10033839.014673851,4671434.741064952,racing_line
-10033838.933112798,4671434.559357014,racing_line
-10033838.68338459,4671434.501005857,racing_line
-10033838.527995149,4671434.379158142,racing_line
-10033838.387720628,4671434.248522608,racing_line
-10033838.266856942,4671434.102035081,racing_line
-10033838.16592281,4671433.937591374,racing_line
-10033838.082002021,4671433.756891136,racing_line
-10033838.010096636,4671433.564168221,racing_line
-10033837.9442981,4671433.364599484,racing_line
-10033837.878753189,4671433.163243895,racing_line
-10033837.808159066,4671432.9642587,racing_line
-10033837.728332123,4671432.7709307,racing_line
-10033837.636427343,4671432.585681384,racing_line
-10033837.64280319,4671432.317485872,racing_line
-10033837.525573049,4671432.1489758575,racing_line
-10033837.1720657,4671432.183224485,racing_line
-10033837.094952952,4671431.982469177,racing_line
-10033837.163540479,4671431.65028003,racing_line
-10033836.91425816,4671431.599593435,racing_line
-10033836.697003225,4671431.523704903,racing_line
-10033836.564537909,4671431.370263783,racing_line
-10033836.447214372,4671431.20300346,racing_line
-10033836.34649212,4671431.021453455,racing_line
-10033836.259402646,4671430.828494095,racing_line
-10033836.269524645,4671430.545177393,racing_line
-10033836.13781356,4671430.394895799,racing_line
-10033836.006256063,4671430.2455636095,racing_line
-10033835.875125865,4671430.096800743,racing_line
-10033835.744493809,4671429.948345389,racing_line
-10033835.614213206,4671429.80009355,racing_line
-10033835.483949568,4671429.652108501,racing_line
-10033835.353244424,4671429.504599098,racing_line
-10033835.0801649,4671429.512372202,racing_line
-10033834.908944346,4671429.411117311,racing_line
-10033834.746635223,4671429.299310956,racing_line
-10033834.59486827,4671429.174437647,racing_line
-10033834.453282489,4671429.03642604,racing_line
-10033834.320343198,4671428.887760492,racing_line
-10033834.191882031,4671428.733669222,racing_line
-10033833.868593143,4671428.796891355,racing_line
-10033834.098895593,4671428.242638819,racing_line
-10033833.95112969,4671428.1116064945,racing_line
-10033833.803742558,4671427.98086388,racing_line
-10033833.656481683,4671427.850243411,racing_line
-10033833.339521281,4671427.921304425,racing_line
-10033832.859970937,4671428.166886691,racing_line
-10033832.974313416,4671427.733362936,racing_line
-10033832.883168781,4671427.539939398,racing_line
-10033832.747203982,4671427.400580147,racing_line
-10033832.622355653,4671427.249531105,racing_line
-10033832.58641515,4671426.993399225,racing_line
-10033832.430556525,4671426.879417276,racing_line
-10033832.274736945,4671426.76627772,racing_line
-10033832.118979689,4671426.653599964,racing_line
-10033831.963196505,4671426.541136879,racing_line
-10033831.807200052,4671426.428801173,racing_line
-10033831.650732132,4671426.316659329,racing_line
-10033831.493497588,4671426.204901233,racing_line
-10033831.22760633,4671426.240748523,racing_line
-10033831.0440371,4671426.164855827,racing_line
-10033830.864582833,4671426.08239136,racing_line
-10033830.691033276,4671425.990720031,racing_line
-10033830.524484843,4671425.8883375395,racing_line
-10033830.365237549,4671425.774919445,racing_line
-10033830.212712867,4671425.651301164,racing_line
-10033830.180843808,4671425.353562971,racing_line
-10033830.010041285,4671425.25263115,racing_line
-10033829.719476925,4671425.331059625,racing_line
-10033829.573612122,4671425.193602046,racing_line
-10033829.491634164,4671424.955467981,racing_line
-10033829.317720603,4671424.8579816455,racing_line
-10033829.144066362,4671424.760806999,racing_line
-10033828.970795901,4671424.664080584,racing_line
-10033828.797881678,4671424.568072408,racing_line
-10033828.625157068,4671424.473144494,racing_line
-10033828.355330665,4671424.556037421,racing_line
-10033828.163610443,4671424.500692427,racing_line
-10033827.979602389,4671424.432217972,racing_line
-10033827.803786773,4671424.349102986,racing_line
-10033827.634666089,4671424.253508166,racing_line
-10033827.469336824,4671424.150138444,racing_line
-10033827.304381363,4671424.044668081,racing_line
-10033827.136736006,4671423.942301257,racing_line
-10033826.964258205,4671423.846835925,racing_line
-10033826.851645524,4671423.621560521,racing_line
-10033826.665952526,4671423.543679511,racing_line
-10033826.412549615,4671423.613019571,racing_line
-10033826.219711347,4671423.548279584,racing_line
-10033826.025574632,4671423.483557162,racing_line
-10033825.90451613,4671423.240914695,racing_line
-10033825.71154017,4671423.1652984945,racing_line
-10033825.518327083,4671423.089184189,racing_line
-10033825.237027552,4671423.252697458,racing_line
-10033824.988430886,4671423.3324011825,racing_line
-10033824.820640195,4671423.182264951,racing_line
-10033824.733390052,4671422.803967039,racing_line
-10033824.53553892,4671422.737616003,racing_line
-10033824.33867462,4671422.671495339,racing_line
-10033824.142952034,4671422.605530975,racing_line
-10033823.948305134,4671422.539835012,racing_line
-10033823.754469462,4671422.474692984,racing_line
-10033823.561046746,4671422.410507794,racing_line
-10033823.319459006,4671422.541317155,racing_line
-10033823.117147963,4671422.5216046,racing_line
-10033822.918245528,4671422.486864316,racing_line
-10033822.722245432,4671422.437223666,racing_line
-10033822.528204085,4671422.37563902,racing_line
-10033822.33496825,4671422.306556573,racing_line
-10033822.141379395,4671422.234772779,racing_line
-10033821.946440203,4671422.164673089,racing_line
-10033821.749431947,4671422.099798142,racing_line
-10033821.54997431,4671422.042623063,racing_line
-10033821.348017236,4671421.9945084825,racing_line
-10033821.14378554,4671421.955721149,racing_line
-10033820.937704805,4671421.925449667,racing_line
-10033820.73033391,4671421.901783585,racing_line
-10033820.522318218,4671421.881686376,racing_line
-10033820.31434938,4671421.861146216,racing_line
-10033820.107112879,4671421.835659916,racing_line
-10033819.901194379,4671421.801142313,racing_line
-10033819.69693621,4671421.755114974,racing_line
-10033819.49466428,4671421.697833293,racing_line
-10033819.308561921,4671421.489880552,racing_line
-10033819.101503164,4671421.466106596,racing_line
-10033818.894759707,4671421.44329734,racing_line
-10033818.688343488,4671421.421086815,racing_line
-10033818.482219378,4671421.399218037,racing_line
-10033818.276305791,4671421.377590593,racing_line
-10033818.070484025,4671421.35627825,racing_line
-10033817.864614524,4671421.335514247,racing_line
-10033817.658555951,4671421.315649356,racing_line
-10033817.44940642,4671421.489014474,racing_line
-10033817.24356488,4671421.511035186,racing_line
-10033817.037640283,4671421.524098073,racing_line
-10033816.830897698,4671421.526253356,racing_line
-10033816.623469517,4671421.517534688,racing_line
-10033816.41536579,4671421.499734903,racing_line
-10033816.206653908,4671421.476054704,racing_line
-10033815.997428691,4671421.45059453,racing_line
-10033815.78890569,4671421.482756842,racing_line
-10033815.57945851,4671421.487917758,racing_line
-10033815.363272158,4671421.2317088,racing_line
-10033815.153007785,4671421.236647729,racing_line
-10033814.950247439,4671421.421403993,racing_line
-10033814.741819799,4671421.43659469,racing_line
-10033814.534134347,4671421.449753502,racing_line
-10033814.326636946,4671421.455809675,racing_line
-10033814.11890437,4671421.452595435,racing_line
-10033813.900488976,4671421.2958008405,racing_line
-10033813.693834491,4671421.310951447,racing_line
-10033813.487577368,4671421.32712979,racing_line
-10033813.28155425,4671421.344118638,racing_line
-10033813.075600337,4671421.361780537,racing_line
-10033812.869568907,4671421.380085291,racing_line
-10033812.663345186,4671421.39911295,racing_line
-10033812.456852911,4671421.419036557,racing_line
-10033812.250053601,4671421.440092342,racing_line
-10033812.06739112,4671421.640838875,racing_line
-10033811.864382097,4671421.688725529,racing_line
-10033811.660148332,4671421.731537953,racing_line
-10033811.454318387,4671421.767404491,racing_line
-10033811.246686164,4671421.795291703,racing_line
-10033811.037214572,4671421.815081493,racing_line
-10033810.826184519,4671421.827554368,racing_line
-10033810.586148895,4671421.673290378,racing_line
-10033810.377266534,4671421.7108588945,racing_line
-10033810.168250129,4671421.749650038,racing_line
-10033809.959145142,4671421.789337669,racing_line
-10033809.75001704,4671421.8296253495,racing_line
-10033809.54095056,4671421.870292945,racing_line
-10033809.332045361,4671421.91123889,racing_line
-10033809.123408964,4671421.952507514,racing_line
-10033808.915148027,4671421.994291803,racing_line
-10033808.707359133,4671422.0369075015,racing_line
-10033808.546671243,4671422.264392689,racing_line
-10033808.3503995,4671422.346860582,racing_line
-10033808.151697967,4671422.419724551,racing_line
-10033807.949695714,4671422.480383811,racing_line
-10033807.744310195,4671422.528864657,racing_line
-10033807.536101272,4671422.567491769,racing_line
-10033807.326558322,4671422.59995036,racing_line
-10033807.115842665,4671422.630830811,racing_line
-10033806.859691935,4671422.504940759,racing_line
-10033806.655123433,4671422.566988362,racing_line
-10033806.450173575,4671422.630498646,racing_line
-10033806.244757324,4671422.695333928,racing_line
-10033806.038839027,4671422.761400349,racing_line
-10033805.832432987,4671422.828640342,racing_line
-10033805.625598475,4671422.897016111,racing_line
-10033805.418430988,4671422.9664871525,racing_line
-10033805.211354733,4671423.037234182,racing_line
-10033805.06094038,4671423.270794027,racing_line
-10033804.798439672,4671423.183197139,racing_line
-10033804.592261517,4671423.2577707395,racing_line
-10033804.38578033,4671423.331358168,racing_line
-10033804.179482184,4671423.404430977,racing_line
-10033803.973813023,4671423.477500468,racing_line
-10033803.768888,4671423.550606224,racing_line
-10033803.564807057,4671423.623940609,racing_line
-10033803.36165256,4671423.697820773,racing_line
-10033803.228783283,4671423.93217396,racing_line
-10033803.041382361,4671424.038023639,racing_line
-10033802.849718371,4671424.133550124,racing_line
-10033802.65297894,4671424.217327547,racing_line
-10033802.451459879,4671424.290184924,racing_line
-10033802.246207573,4671424.354547096,racing_line
-10033802.038639698,4671424.413706308,racing_line
-10033801.771171328,4671424.341599698,racing_line
-10033801.575727155,4671424.429029966,racing_line
-10033801.380682036,4671424.517379329,racing_line
-10033801.185970953,4671424.606418766,racing_line
-10033800.99157473,4671424.695969801,racing_line
-10033800.797526706,4671424.785922016,racing_line
-10033800.603913546,4671424.876243166,racing_line
-10033800.41087006,4671424.966981189,racing_line
-10033800.218568522,4671425.058257496,racing_line
-10033800.027203336,4671425.150250902,racing_line
-10033799.922050254,4671425.404559132,racing_line
-10033799.745541396,4671425.521112764,racing_line
-10033799.565373385,4671425.629549028,racing_line
-10033799.38010234,4671425.726679519,racing_line
-10033799.188987069,4671425.811579278,racing_line
-10033798.993047183,4671425.88568483,racing_line
-10033798.725955486,4671425.827187961,racing_line
-10033798.545720324,4671425.928270146,racing_line
-10033798.36655915,4671426.029759543,racing_line
-10033798.18831652,4671426.131386856,racing_line
-10033798.010869078,4671426.232960064,racing_line
-10033797.834139306,4671426.334385958,racing_line
-10033797.658099849,4671426.435670817,racing_line
-10033797.482768498,4671426.5369028095,racing_line
-10033797.308195727,4671426.638222443,racing_line
-10033797.13444796,4671426.739789054,racing_line
-10033796.961590506,4671426.841750424,racing_line
-10033796.789673712,4671426.9442204805,racing_line
-10033796.618725408,4671427.047267366,racing_line
-10033796.448751139,4671427.150912268,racing_line
-10033796.279742666,4671427.255138396,racing_line
-10033796.311943669,4671427.671016225,racing_line
-10033796.072080253,4671427.664717031,racing_line
-10033795.78194005,4671427.574811675,racing_line
-10033795.618868731,4671427.682694692,racing_line
-10033795.456493571,4671427.7903797235,racing_line
-10033795.294547677,4671427.897768479,racing_line
-10033795.315270113,4671428.279264448,racing_line
-10033795.119925959,4671428.334546626,racing_line
-10033794.964443263,4671428.448253116,racing_line
-10033794.800005302,4671428.546511868,racing_line
-10033794.627577316,4671428.630634362,racing_line
-10033794.357899234,4671428.566778384,racing_line
-10033794.207479937,4671428.681822539,racing_line
-10033794.058043167,4671428.797260473,racing_line
-10033793.90929889,4671428.912851257,racing_line
-10033793.761006868,4671429.028428147,racing_line
-10033793.613000058,4671429.143916437,racing_line
-10033793.46519358,4671429.259333657,racing_line
-10033793.31758038,4671429.374776332,racing_line
-10033793.170216499,4671429.490398402,racing_line
-10033793.023199761,4671429.606385689,racing_line
-10033792.876645783,4671429.722929684,racing_line
-10033792.73066485,4671429.840202963,racing_line
-10033792.585342709,4671429.958337985,racing_line
-10033792.440727685,4671430.077411074,racing_line
-10033792.296825573,4671430.197432875,racing_line
-10033792.15360216,4671430.318345997,racing_line
-10033792.010992754,4671430.440030496,racing_line
-10033791.868917145,4671430.562317697,racing_line
-10033791.727298182,4671430.685012535,racing_line
-10033791.586081631,4671430.807923393,racing_line
-10033791.445254214,4671430.930896135,racing_line
-10033791.304855958,4671431.053846126,racing_line
-10033791.164983118,4671431.176780282,racing_line
-10033791.025778772,4671431.299801607,racing_line
-10033790.887410922,4671431.423092933,racing_line
-10033790.750041429,4671431.546883112,racing_line
-10033790.740947625,4671431.809980184,racing_line
-10033790.612552315,4671431.941898412,racing_line
-10033790.4748157,4671432.063432361,racing_line
-10033790.328736117,4671432.175943031,racing_line
-10033790.079681747,4671432.179694785,racing_line
-10033789.948070137,4671432.309448573,racing_line
-10033789.816716231,4671432.440149656,racing_line
-10033789.685366318,4671432.57171,racing_line
-10033789.553824473,4671432.704062447,racing_line
-10033789.42197805,4671432.83717376,racing_line
-10033789.289809592,4671432.97104926,racing_line
-10033789.157393023,4671433.105728796,racing_line
-10033789.406064322,4671433.603206862,racing_line
-10033789.022984752,4671433.502052475,racing_line
-10033788.767326245,4671433.519590484,racing_line
-10033788.639608823,4671433.659679179,racing_line
-10033788.512322089,4671433.800376769,racing_line
-10033788.385415303,4671433.941870343,racing_line
-10033788.258937158,4671434.084431556,racing_line
-10033787.869211903,4671433.9932360435,racing_line
-10033788.00317258,4671434.368262793,racing_line
-10033787.873499371,4671434.508277173,racing_line
-10033787.743788596,4671434.647763869,racing_line
-10033787.614038255,4671434.786744474,racing_line
-10033787.484324723,4671434.925381855,racing_line
-10033787.354784142,4671435.0639433935,racing_line
-10033787.225581195,4671435.2027466595,racing_line
-10033787.096874498,4671435.342103913,racing_line
-10033786.968787162,4671435.482278344,racing_line
-10033786.841388328,4671435.623458417,racing_line
-10033786.71468786,4671435.765750297,racing_line
-10033786.588643182,4671435.909184447,racing_line
-10033786.463175263,4671436.053731218,racing_line
-10033786.338189743,4671436.199320827,racing_line
-10033786.213598957,4671436.345864,racing_line
-10033786.248080896,4671436.609144384,racing_line
-10033786.249688026,4671436.848319321,racing_line
-10033786.080725983,4671436.96582518,racing_line
-10033785.906955881,4671437.0789351715,racing_line
-10033785.607172932,4671437.097975054,racing_line
-10033785.489782488,4671437.252300946,racing_line
-10033785.372730464,4671437.407208944,racing_line
-10033785.255535457,4671437.562360534,racing_line
-10033785.13774426,4671437.717442431,racing_line
-10033785.018958583,4671437.872183297,racing_line
-10033784.90002476,4671438.027158699,racing_line
-10033784.7813796,4671438.182664006,racing_line
-10033784.662765997,4671438.338518303,racing_line
-10033784.543918408,4671438.494531374,racing_line
-10033784.424603447,4671438.6505354345,racing_line
-10033784.304658275,4671438.806415406,racing_line
-10033784.184019715,4671438.962131046,racing_line
-10033784.062738737,4671439.117726192,racing_line
-10033783.940977698,4671439.273323689,racing_line
-10033783.818991128,4671439.429108003,racing_line
-10033783.697093144,4671439.58529981,racing_line
-10033783.575616991,4671439.742127991,racing_line
-10033783.454872984,4671439.899803823,racing_line
-10033783.67916131,4671440.277762887,racing_line
-10033783.611789986,4671440.476659459,racing_line
-10033783.480035026,4671440.634113456,racing_line
-10033783.309958713,4671440.769115931,racing_line
-10033782.882729102,4671440.714677614,racing_line
-10033782.772585392,4671440.881676662,racing_line
-10033782.661682032,4671441.048609785,racing_line
-10033782.55018963,4671441.215650281,racing_line
-10033782.438264359,4671441.382950937,racing_line
-10033782.32602986,4671441.550634107,racing_line
-10033782.213572199,4671441.718789958,racing_line
-10033782.100948054,4671441.887482913,racing_line
-10033781.988201927,4671442.056763298,racing_line
-10033781.874372326,4671442.225879953,racing_line
-10033781.760236,4671442.395319341,racing_line
-10033781.645712402,4671442.565036634,racing_line
-10033781.530722383,4671442.734987406,racing_line
-10033781.415206412,4671442.905137694,racing_line
-10033781.2991417,4671443.075473698,racing_line
-10033781.182553444,4671443.246007992,racing_line
-10033781.065517478,4671443.416780912,racing_line
-10033780.94815439,4671443.587857555,racing_line
-10033780.830616804,4671443.759321695,racing_line
-10033780.713071967,4671443.931267828,racing_line
-10033780.595682152,4671444.103792319,racing_line
-10033780.478585122,4671444.276984172,racing_line
-10033780.568150358,4671444.584298688,racing_line
-10033780.24688578,4671444.626449135,racing_line
-10033780.132362526,4671444.802805052,racing_line
-10033780.017136848,4671444.979244756,racing_line
-10033779.901317395,4671445.155869642,racing_line
-10033779.785066444,4671445.332805716,racing_line
-10033779.668584395,4671445.510191044,racing_line
-10033779.552088965,4671445.688160317,racing_line
-10033779.435790466,4671445.866827436,racing_line
-10033779.319865748,4671446.046268081,racing_line
-10033779.204434436,4671446.226505296,racing_line
-10033779.088377124,4671446.406711974,racing_line
-10033778.971003443,4671446.5863514915,racing_line
-10033778.852356475,4671446.76539324,racing_line
-10033778.73255213,4671446.943869267,racing_line
-10033778.611977614,4671447.122007043,racing_line
-10033778.491449878,4671447.300333079,racing_line
-10033778.371120017,4671447.478947082,racing_line
-10033778.251085475,4671447.65792303,racing_line
-10033778.131384855,4671447.837302661,racing_line
-10033778.012001593,4671448.017094719,racing_line
-10033777.892874867,4671448.1972789215,racing_line
-10033777.773914939,4671448.377813015,racing_line
-10033777.655020231,4671448.5586412735,racing_line
-10033777.537223808,4671448.740437505,racing_line
-10033777.419558536,4671448.922595428,racing_line
-10033777.301733341,4671449.1049239915,racing_line
-10033777.18379249,4671449.287437242,racing_line
-10033777.065766435,4671449.470135712,racing_line
-10033776.947682474,4671449.6530144345,racing_line
-10033776.829578683,4671449.836072131,racing_line
-10033776.71151704,4671450.019318949,racing_line
-10033776.59359121,4671450.202779952,racing_line
-10033776.4759251,4671450.386491969,racing_line
-10033776.358660106,4671450.570492689,racing_line
-10033776.241932314,4671450.75480338,racing_line
-10033776.125844728,4671450.939409733,racing_line
-10033775.794881275,4671450.990726126,racing_line
-10033775.70166689,4671451.182736567,racing_line
-10033775.617850754,4671451.385763121,racing_line
-10033775.652133286,4671451.668273283,racing_line
-10033775.531073548,4671451.847520345,racing_line
-10033775.409716696,4671452.025987504,racing_line
-10033775.288440056,4671452.203899629,racing_line
-10033775.167570543,4671452.381457128,racing_line
-10033775.047370112,4671452.558824586,racing_line
-10033774.928030744,4671452.736125777,racing_line
-10033774.809676353,4671452.913442919,racing_line
-10033774.692368474,4671453.090818277,racing_line
-10033774.57611363,4671453.268256727,racing_line
-10033774.460744914,4671453.445649033,racing_line
-10033774.345271725,4671453.62235884,racing_line
-10033774.229741836,4671453.7983979825,racing_line
-10033774.114186298,4671453.973760316,racing_line
-10033773.998618003,4671454.148422488,racing_line
-10033773.883033752,4671454.322347233,racing_line
-10033773.767419387,4671454.495488683,racing_line
-10033773.651757171,4671454.667799025,racing_line
-10033773.536034398,4671454.839235641,racing_line
-10033773.420251966,4671455.009767741,racing_line
-10033773.304431353,4671455.179381238,racing_line
-10033773.188618343,4671455.348080616,racing_line
-10033773.072882185,4671455.515886928,racing_line
-10033772.95730963,4671455.682831675,racing_line
-10033772.841994217,4671455.848947389,racing_line
-10033772.726810027,4671456.014116436,racing_line
-10033772.611224305,4671456.177947067,racing_line
-10033772.495367544,4671456.340480936,racing_line
-10033772.379401866,4671456.501778176,racing_line
-10033772.26351377,4671456.661915338,racing_line
-10033772.147903876,4671456.820982123,racing_line
-10033772.032774147,4671456.979076924,racing_line
-10033771.918313392,4671457.136301346,racing_line
-10033771.804682149,4671457.292753909,racing_line
-10033771.536868908,4671457.3390463535,racing_line
-10033771.410209654,4671457.482682194,racing_line
-10033771.291051846,4671457.6280128015,racing_line
-10033771.178990187,4671457.776657092,racing_line
-10033771.07252937,4671457.929973103,racing_line
-10033770.970409539,4671458.087621929,racing_line
-10033770.993463136,4671458.343296718,racing_line
-10033770.875059776,4671458.487320625,racing_line
-10033770.756378293,4671458.63016637,racing_line
-10033770.637596415,4671458.7719696155,racing_line
-10033770.518884405,4671458.912852959,racing_line
-10033770.400391977,4671459.052917162,racing_line
-10033770.282238632,4671459.192234943,racing_line
-10033770.16450791,4671459.330847776,racing_line
-10033770.04724544,4671459.468765682,racing_line
-10033769.930460399,4671459.605969728,racing_line
-10033769.814129427,4671459.742416391,racing_line
-10033769.698201953,4671459.878043009,racing_line
-10033769.58260613,4671460.012773467,racing_line
-10033769.467254538,4671460.146523416,racing_line
-10033769.352049349,4671460.279204825,racing_line
-10033769.236886956,4671460.410729776,racing_line
-10033769.121662155,4671460.541013756,racing_line
-10033769.006272309,4671460.6699787,racing_line
-10033768.890621802,4671460.797556231,racing_line
-10033768.636864567,4671460.803646114,racing_line
-10033768.516396245,4671460.92119665,racing_line
-10033768.398917818,4671461.040997436,racing_line
-10033768.284404796,4671461.163877239,racing_line
-10033768.173995247,4671461.288989583,racing_line
-10033768.18801782,4671461.53218688,racing_line
-10033768.06945352,4671461.649688556,racing_line
-10033767.950635223,4671461.765991811,racing_line
-10033767.831679143,4671461.881227268,racing_line
-10033767.712715298,4671461.9955385905,racing_line
-10033767.593879318,4671462.109074196,racing_line
-10033767.475303361,4671462.22197767,racing_line
-10033767.35710692,4671462.334377661,racing_line
-10033767.239388224,4671462.446377945,racing_line
-10033767.122216992,4671462.558048366,racing_line
-10033767.005628832,4671462.669417039,racing_line
-10033766.889621276,4671462.780463681,racing_line
-10033766.774151517,4671462.8911143,racing_line
-10033766.65913614,4671463.001237945,racing_line
-10033766.544453297,4671463.110646486,racing_line
-10033766.42994789,4671463.219099004,racing_line
-10033766.184494864,4671463.195830856,racing_line
-10033766.03613894,4671463.258445348,racing_line
-10033765.887898106,4671463.324231384,racing_line
-10033765.750867132,4671463.389529831,racing_line
-10033765.618982041,4671463.465848323,racing_line
-10033765.502041675,4671463.549015545,racing_line
-10033765.392002156,4671463.647329628,racing_line
-10033765.295605503,4671463.754122436,racing_line
-10033765.201940836,4671463.874266164,racing_line
-10033765.11550205,4671463.999161837,racing_line
-10033765.029072538,4671464.128560256,racing_line
-10033765.018079344,4671464.369183726,racing_line
-10033764.896727342,4671464.453319626,racing_line
-10033764.775308285,4671464.536845518,racing_line
-10033764.653959628,4671464.620019947,racing_line
-10033764.532795213,4671464.703041415,racing_line
-10033764.411899127,4671464.78604096,racing_line
-10033764.291321978,4671464.869078805,racing_line
-10033764.17107939,4671464.952143937,racing_line
-10033764.051152531,4671465.035155682,racing_line
-10033763.93149034,4671465.117966748,racing_line
-10033763.81201318,4671465.200367538,racing_line
-10033763.6926178,4671465.282092411,racing_line
-10033763.465979008,4671465.212607779,racing_line
-10033763.317333076,4671465.240041657,racing_line
-10033763.168820536,4671465.266217172,racing_line
-10033763.024648972,4671465.293297247,racing_line
-10033762.889531525,4671465.323775833,racing_line
-10033762.756416477,4671465.367337403,racing_line
-10033762.638862506,4671465.420764026,racing_line
-10033762.530926868,4671465.490157703,racing_line
-10033762.424627088,4671465.579733117,racing_line
-10033762.33098379,4671465.681313268,racing_line
-10033762.237063324,4671465.7963562375,racing_line
-10033762.145129323,4671465.917426031,racing_line
-10033762.10114096,4671466.164762272,racing_line
-10033761.974785741,4671466.21907373,racing_line
-10033761.848189183,4671466.273028124,racing_line
-10033761.721433347,4671466.326957707,racing_line
-10033761.594569298,4671466.381081426,racing_line
-10033761.467608638,4671466.435484072,racing_line
-10033761.340520754,4671466.490110435,racing_line
-10033761.213237092,4671466.544776153,racing_line
-10033761.085662045,4671466.599193372,racing_line
-10033760.88670034,4671466.4931721045,racing_line
-10033760.739715207,4671466.489638791,racing_line
-10033760.593251783,4671466.493209958,racing_line
-10033760.456790358,4671466.503707356,racing_line
-10033760.319994908,4671466.526957699,racing_line
-10033760.194011532,4671466.5587438345,racing_line
-10033760.066093417,4671466.601775294,racing_line
-10033759.945337709,4671466.650122372,racing_line
-10033759.822932828,4671466.702952254,racing_line
-10033759.700971594,4671466.756436585,racing_line
-10033759.579558767,4671466.808423276,racing_line
-10033759.454907924,4671466.859841225,racing_line
-10033759.333340412,4671466.911259092,racing_line
-10033759.208187683,4671466.967879597,racing_line
-10033759.087184189,4671467.03200913,racing_line
-10033758.98577438,4671467.245471774,racing_line
-10033758.852376003,4671467.271805621,racing_line
-10033758.718566032,4671467.297718883,racing_line
-10033758.584297612,4671467.323638342,racing_line
-10033758.449549552,4671467.349980121,racing_line
-10033758.314320534,4671467.377088616,racing_line
-10033758.178618822,4671467.405175043,racing_line
-10033758.042452253,4671467.434271449,racing_line
-10033757.90582335,4671467.464213621,racing_line
-10033757.768731829,4671467.494658891,racing_line
-10033757.631183324,4671467.525135277,racing_line
-10033757.454274582,4671467.390701629,racing_line
-10033757.303479288,4671467.357315311,racing_line
-10033757.15991264,4671467.341944619,racing_line
-10033757.02177581,4671467.348238018,racing_line
-10033756.885691509,4671467.376219896,racing_line
-10033756.75565381,4671467.421332295,racing_line
-10033756.625374582,4671467.478310366,racing_line
-10033756.494173048,4671467.539308675,racing_line
-10033756.384144172,4671467.739851356,racing_line
-10033756.246488765,4671467.756438686,racing_line
-10033756.109281521,4671467.772241155,racing_line
-10033755.972510789,4671467.787350097,racing_line
-10033755.836130645,4671467.801748341,racing_line
-10033755.680197174,4671467.655091887,racing_line
-10033755.543277595,4671467.626810441,racing_line
-10033755.405321827,4671467.597880314,racing_line
-10033755.273391768,4671467.575255782,racing_line
-10033755.138498755,4671467.566594477,racing_line
-10033755.008702468,4671467.5763991,racing_line
-10033754.875604067,4671467.607242962,racing_line
-10033754.741846064,4671467.657318866,racing_line
-10033754.606721949,4671467.872385215,racing_line
-10033754.467548978,4671467.873035792,racing_line
-10033754.327632131,4671467.873170073,racing_line
-10033754.187020361,4671467.873204118,racing_line
-10033754.045800623,4671467.873474746,racing_line
-10033753.904098019,4671467.874183947,racing_line
-10033753.762077995,4671467.87536248,racing_line
-10033753.619948748,4671467.876859358,racing_line
-10033753.477960572,4671467.878359286,racing_line
-10033753.336398372,4671467.879424772,racing_line
-10033753.189669225,4671467.659730217,racing_line
-10033753.055369893,4671467.586438429,racing_line
-10033752.92538552,4671467.524603198,racing_line
-10033752.794343913,4671467.478585594,racing_line
-10033752.67035843,4671467.45029379,racing_line
-10033752.541292025,4671467.437812891,racing_line
-10033752.417755911,4671467.437962282,racing_line
-10033752.293182291,4671467.444574506,racing_line
-10033752.16395449,4671467.451373134,racing_line
-10033752.037627343,4671467.464256356,racing_line
-10033751.911047917,4671467.442398134,racing_line
-10033751.784018874,4671467.444133748,racing_line
-10033751.653140718,4671467.433608792,racing_line
-10033751.524059607,4671467.426030779,racing_line
-10033751.387528813,4671467.422790189,racing_line
-10033751.250148144,4671467.426584053,racing_line
-10033751.105484305,4671467.433734208,racing_line
-10033750.92277063,4671467.557832733,racing_line
-10033750.78540504,4671467.522060451,racing_line
-10033750.64727972,4671467.485519161,racing_line
-10033750.508622745,4671467.448460927,racing_line
-10033750.369686132,4671467.411042161,racing_line
-10033750.230736949,4671467.373298306,racing_line
-10033750.092049278,4671467.335138534,racing_line
-10033749.998787468,4671467.138307476,racing_line
-10033749.87900525,4671467.04309863,racing_line
-10033749.760974132,4671466.948978072,racing_line
-10033749.64704865,4671466.864569368,racing_line
-10033749.525293302,4671466.793238876,racing_line
-10033749.403759219,4671466.743022044,racing_line
-10033749.269508025,4671466.712019096,racing_line
-10033749.132094378,4671466.70302206,racing_line
-10033748.981381591,4671466.707927796,racing_line
-10033748.827965967,4671466.723843242,racing_line
-10033748.62911882,4671466.823830208,racing_line
-10033748.500054747,4671466.768427573,racing_line
-10033748.370559001,4671466.7126728725,racing_line
-10033748.240412164,4671466.656831635,racing_line
-10033748.109481897,4671466.601015726,racing_line
-10033747.977737969,4671466.545146792,racing_line
-10033747.84525657,4671466.488950652,racing_line
-10033747.776249617,4671466.281539511,racing_line
-10033747.681307172,4671466.137735114,racing_line
-10033747.590006277,4671466.004273286,racing_line
-10033747.486181919,4671465.886098429,racing_line
-10033747.379116096,4671465.795956765,racing_line
-10033747.25484709,4671465.730111233,racing_line
-10033747.117348038,4671465.688674622,racing_line
-10033746.970819455,4671465.667367247,racing_line
-10033746.809251422,4671465.65306405,racing_line
-10033746.648737738,4671465.644182222,racing_line
-10033746.409589197,4671465.744259026,racing_line
-10033746.285180185,4671465.666070547,racing_line
-10033746.16161636,4671465.587797342,racing_line
-10033746.038753657,4671465.5097032245,racing_line
-10033745.916456636,4671465.431925597,racing_line
-10033745.620480547,4671465.66408739,racing_line
-10033745.585738892,4671465.4251064155,racing_line
-10033745.548012605,4671465.204511858,racing_line
-10033745.543418437,4671464.864173984,racing_line
-10033745.30283973,4671465.05318606,racing_line
-10033745.180124667,4671464.977048667,racing_line
-10033745.056556523,4671464.901103547,racing_line
-10033744.932038004,4671464.825237408,racing_line
-10033744.80661215,4671464.749218268,racing_line
-10033744.680477656,4671464.672688456,racing_line
-10033744.650762329,4671464.433599205,racing_line
-10033744.573182829,4671464.279179867,racing_line
-10033744.493715618,4671464.141503702,racing_line
-10033744.396460056,4671464.02100613,racing_line
-10033744.291087221,4671463.929248125,racing_line
-10033744.165339103,4671463.857407208,racing_line
-10033744.02638028,4671463.805606797,racing_line
-10033743.875001514,4671463.765858071,racing_line
-10033743.716768675,4671463.732178517,racing_line
-10033743.45999252,4671463.812103394,racing_line
-10033743.345328145,4671463.717993751,racing_line
-10033743.231439631,4671463.623799156,racing_line
-10033743.118119322,4671463.529795613,racing_line
-10033743.00523423,4671463.436135167,racing_line
-10033742.892740164,4671463.342830315,racing_line
-10033742.780680612,4671463.249751352,racing_line
-10033742.669171821,4671463.156636786,racing_line
-10033742.675091028,4671462.918399113,racing_line
-10033742.614269923,4671462.774241757,racing_line
-10033742.546334147,4671462.634746953,racing_line
-10033742.47234328,4671462.513252583,racing_line
-10033742.377333561,4671462.405766956,racing_line
-10033742.268011374,4671462.322336392,racing_line
-10033742.135762459,4671462.251070433,racing_line
-10033741.992256595,4671462.192908293,racing_line
-10033741.838914769,4671462.1336204475,racing_line
-10033741.605245404,4671462.144591761,racing_line
-10033741.501990966,4671462.033226166,racing_line
-10033741.39853834,4671461.92103081,racing_line
-10033741.294890098,4671461.808314686,racing_line
-10033741.191184413,4671461.695295524,racing_line
-10033741.08767986,4671461.582101315,racing_line
-10033740.984720308,4671461.468787422,racing_line
-10033740.88268761,4671461.355359943,racing_line
-10033740.92003912,4671461.11039256,racing_line
-10033740.845613753,4671460.976631178,racing_line
-10033740.766931148,4671460.8489670325,racing_line
-10033740.686424589,4671460.728735183,racing_line
-10033740.603745956,4671460.611272461,racing_line
-10033740.524289828,4671460.496402002,racing_line
-10033740.702145513,4671460.18981183,racing_line
-10033740.447024088,4671460.206387035,racing_line
-10033740.045559898,4671460.316127862,racing_line
-10033740.09418955,4671460.108694591,racing_line
-10033740.211611133,4671459.856196388,racing_line
-10033740.147123132,4671459.72414753,racing_line
-10033740.073384846,4671459.607191413,racing_line
-10033739.978005152,4671459.494337764,racing_line
-10033739.865093099,4671459.39169806,racing_line
-10033739.736937923,4671459.291969919,racing_line
-10033739.600129744,4671459.18871735,racing_line
-10033739.337292202,4671459.141275875,racing_line
-10033739.263223235,4671458.998376178,racing_line
-10033739.189299997,4671458.854401715,racing_line
-10033739.115417045,4671458.709778506,racing_line
-10033739.04158163,4671458.564814437,racing_line
-10033738.96791341,4671458.419694282,racing_line
-10033738.894626532,4671458.274492295,racing_line
-10033738.821998442,4671458.129194352,racing_line
-10033738.911427837,4671457.923955714,racing_line
-10033738.873313783,4671457.756830796,racing_line
-10033738.829032486,4671457.598873613,racing_line
-10033738.774493136,4671457.448690499,racing_line
-10033738.707518179,4671457.305446485,racing_line
-10033738.627244668,4671457.166151985,racing_line
-10033738.535964,4671457.030163834,racing_line
-10033738.290012386,4671456.950640688,racing_line
-10033738.229500264,4671456.799967093,racing_line
-10033738.169553027,4671456.648474485,racing_line
-10033738.109887373,4671456.496184651,racing_line
-10033738.050305206,4671456.343100639,racing_line
-10033737.990736434,4671456.189189021,racing_line
-10033737.93126443,4671456.034369636,racing_line
-10033737.872125372,4671455.878517868,racing_line
-10033738.00669697,4671455.654126944,racing_line
-10033738.003326487,4671455.479343,racing_line
-10033737.989114016,4671455.307714091,racing_line
-10033737.958432885,4671455.145029359,racing_line
-10033737.906815626,4671454.988826352,racing_line
-10033737.833711965,4671454.834022555,racing_line
-10033737.745703919,4671454.68814765,racing_line
-10033737.646104155,4671454.536900153,racing_line
-10033737.407126538,4671454.417439199,racing_line
-10033737.363695804,4671454.250676841,racing_line
-10033737.320937965,4671454.0839276,racing_line
-10033737.278563527,4671453.91739242,racing_line
-10033737.236386783,4671453.751211442,racing_line
-10033737.194337055,4671453.585460782,racing_line
-10033737.15244866,4671453.420153357,racing_line
-10033737.110832438,4671453.255242679,racing_line
-10033737.06963449,4671453.090629565,racing_line
-10033737.028990313,4671452.926172382,racing_line
-10033737.20594528,4671452.709080659,racing_line
-10033736.95011168,4671452.596645953,racing_line
-10033736.911319664,4671452.43161129,racing_line
-10033736.872969411,4671452.266056366,racing_line
-10033736.834928488,4671452.099860811,racing_line
-10033736.797122626,4671451.932938124,racing_line
-10033736.759587806,4671451.765234696,racing_line
-10033736.72249185,4671451.596729279,racing_line
-10033736.686115924,4671451.427435076,racing_line
-10033736.845077664,4671451.212615459,racing_line
-10033736.841603274,4671451.039454099,racing_line
-10033736.824972324,4671450.8693831805,racing_line
-10033736.79302438,4671450.699606224,racing_line
-10033736.7477825,4671450.533444247,racing_line
-10033736.692431264,4671450.368902091,racing_line
-10033736.473229561,4671450.2285555545,racing_line
-10033736.449071366,4671450.057027234,racing_line
-10033736.425886072,4671449.885827087,racing_line
-10033736.40342613,4671449.715036932,racing_line
-10033736.381507006,4671449.54471379,racing_line
-10033736.360033985,4671449.374888595,racing_line
-10033736.339017812,4671449.205563914,racing_line
-10033736.318577819,4671449.036710796,racing_line
-10033736.29893241,4671448.868265662,racing_line
-10033736.467737606,4671448.673180677,racing_line
-10033736.49956751,4671448.504170769,racing_line
-10033736.526395226,4671448.335092142,racing_line
-10033736.541639207,4671448.169191716,racing_line
-10033736.539296275,4671448.006884358,racing_line
-10033736.515849385,4671447.841238153,racing_line
-10033736.472534053,4671447.67915641,racing_line
-10033736.413958129,4671447.513677341,racing_line
-10033736.201034833,4671447.347744806,racing_line
-10033736.199201856,4671447.17609076,racing_line
-10033736.198019147,4671447.003865195,racing_line
-10033736.197112877,4671446.831192175,racing_line
-10033736.196245603,4671446.65822612,racing_line
-10033736.195346318,4671446.485148118,racing_line
-10033736.194510177,4671446.312163195,racing_line
-10033736.193970906,4671446.139495911,racing_line
-10033736.194054212,4671445.967381937,racing_line
-10033736.369419942,4671445.785835402,racing_line
-10033736.413029246,4671445.616821043,racing_line
-10033736.44934261,4671445.451648657,racing_line
-10033736.4771245,4671445.287379049,racing_line
-10033736.497102875,4671445.124005137,racing_line
-10033736.511388116,4671444.9677962605,racing_line
-10033736.523552211,4671444.807130457,racing_line
-10033736.537167555,4671444.647557453,racing_line
-10033736.625303581,4671444.498098105,racing_line
-10033736.510297447,4671444.330286132,racing_line
-10033736.610475548,4671444.181444506,racing_line
-10033736.64240973,4671444.03102231,racing_line
-10033736.671998665,4671443.874171505,racing_line
-10033736.69215984,4671443.71933053,racing_line
-10033736.70026011,4671443.558562548,racing_line
-10033736.69669996,4671443.391299426,racing_line
-10033736.684936494,4671443.222101326,racing_line
-10033736.672832549,4671443.048661131,racing_line
-10033736.553296875,4671442.846538408,racing_line
-10033736.592196945,4671442.6812624885,racing_line
-10033736.631821714,4671442.515846463,racing_line
-10033736.671996031,4671442.350553036,racing_line
-10033736.712685473,4671442.185656689,racing_line
-10033736.753985982,4671442.021434288,racing_line
-10033736.964755924,4671441.89489634,racing_line
-10033737.050309291,4671441.746499857,racing_line
-10033737.133651083,4671441.600935229,racing_line
-10033737.211030904,4671441.453164978,racing_line
-10033737.276835522,4671441.307712735,racing_line
-10033737.329241129,4671441.159214723,racing_line
-10033737.367924457,4671441.0042270385,racing_line
-10033737.392183801,4671440.8466224,racing_line
-10033737.405794915,4671440.683787027,racing_line
-10033737.414393082,4671440.515282439,racing_line
-10033737.304148216,4671440.304661672,racing_line
-10033737.363099325,4671440.15543929,racing_line
-10033737.42262772,4671440.006422302,racing_line
-10033737.482587636,4671439.857432317,racing_line
-10033737.542987708,4671439.708382633,racing_line
-10033737.604009148,4671439.559291965,racing_line
-10033737.839396954,4671439.478376352,racing_line
-10033737.968783848,4671439.359836736,racing_line
-10033738.094356187,4671439.247574816,racing_line
-10033738.212493788,4671439.126898588,racing_line
-10033738.311333442,4671439.0085448045,racing_line
-10033738.396387743,4671438.87444646,racing_line
-10033738.460416513,4671438.740594178,racing_line
-10033738.515095219,4671438.59321844,racing_line
-10033738.56014957,4671438.44447702,racing_line
-10033738.605096204,4671438.291072828,racing_line
-10033738.652393017,4671438.139992974,racing_line
-10033738.707601352,4671437.99095577,racing_line
-10033738.769673262,4671437.849488458,racing_line
-10033738.841754412,4671437.7111312635,racing_line
-10033738.91807094,4671437.579746526,racing_line
-10033738.9968985,4671437.450390971,racing_line
-10033739.07496216,4671437.319076688,racing_line
-10033739.029732853,4671437.086502222,racing_line
-10033739.120588396,4671436.964772273,racing_line
-10033739.21199661,4671436.843754344,racing_line
-10033739.303923748,4671436.723054396,racing_line
-10033739.396335362,4671436.602286554,racing_line
-10033739.489235401,4671436.481137656,racing_line
-10033739.582710162,4671436.3594331,racing_line
-10033739.676957373,4671436.237184932,racing_line
-10033739.902560653,4671436.211125976,racing_line
-10033740.059815621,4671436.1424939,racing_line
-10033740.216348201,4671436.069704754,racing_line
-10033740.356289294,4671435.99496987,racing_line
-10033740.4835278,4671435.903104334,racing_line
-10033740.589253927,4671435.800909695,racing_line
-10033740.681425469,4671435.682491779,racing_line
-10033740.762554327,4671435.551804484,racing_line
-10033740.835835045,4671435.41449231,racing_line
-10033740.910389116,4671435.270680063,racing_line
-10033740.985534608,4671435.129874791,racing_line
-10033741.06917562,4671434.992473576,racing_line
-10033741.063955024,4671434.747046548,racing_line
-10033741.179918023,4671434.643847668,racing_line
-10033741.29622983,4671434.541640865,racing_line
-10033741.412937112,4671434.440376015,racing_line
-10033741.642214669,4671434.487718961,racing_line
-10033741.788077125,4671434.422280206,racing_line
-10033741.936931439,4671434.3623441905,racing_line
-10033742.083718013,4671434.30216691,racing_line
-10033742.22252335,4671434.235923864,racing_line
-10033742.348781355,4671434.157891176,racing_line
-10033742.465858852,4671434.060237531,racing_line
-10033742.572308194,4671433.9441406755,racing_line
-10033742.669688605,4671433.8139294,racing_line
-10033742.768794999,4671433.672494793,racing_line
-10033742.796554998,4671433.40636409,racing_line
-10033742.934815709,4671433.318242077,racing_line
-10033743.074302256,4671433.230146352,racing_line
-10033743.214687275,4671433.141949292,racing_line
-10033743.355718197,4671433.053649546,racing_line
-10033743.497224959,4671432.965369549,racing_line
-10033743.639111739,4671432.877332094,racing_line
-10033743.781339731,4671432.78982234,racing_line
-10033743.923908185,4671432.703144114,racing_line
-10033744.154827423,4671432.777464747,racing_line
-10033744.308892712,4671432.7127984455,racing_line
-10033744.45822894,4671432.643565291,racing_line
-10033744.604608014,4671432.5703490395,racing_line
-10033744.74975925,4671432.495470291,racing_line
-10033744.788621109,4671432.211944055,racing_line
-10033744.934726583,4671432.134526102,racing_line
-10033745.081079401,4671432.056004856,racing_line
-10033745.324268937,4671432.156520882,racing_line
-10033745.550118022,4671432.235206616,racing_line
-10033745.76256526,4671432.309770169,racing_line
-10033745.9642105,4671432.357344615,racing_line
-10033746.064245122,4671432.208617937,racing_line
-10033746.124569947,4671431.928230107,racing_line
-10033746.266792892,4671431.825876646,racing_line
-10033746.404671522,4671431.709709409,racing_line
-10033746.498507723,4671431.4301426,racing_line
-10033746.669258047,4671431.36962492,racing_line
-10033746.84146209,4671431.309432102,racing_line
-10033747.01468518,4671431.249261718,racing_line
-10033747.18858089,4671431.188920138,racing_line
-10033747.362908896,4671431.1283410415,racing_line
-10033747.53753206,4671431.067581128,racing_line
-10033747.712400775,4671431.00679807,racing_line
-10033747.887532197,4671430.9462176785,racing_line
-10033748.06298906,4671430.886096472,racing_line
-10033748.238860602,4671430.826684706,racing_line
-10033748.415246205,4671430.768193428,racing_line
-10033748.59224167,4671430.710768296,racing_line
-10033748.769927979,4671430.654472449,racing_line
-10033748.94812861,4671430.598317508,racing_line
-10033749.126633301,4671430.5412209,racing_line
-10033749.305592224,4671430.48364879,racing_line
-10033749.485156056,4671430.426129414,racing_line
-10033749.711063555,4671430.543178298,racing_line
-10033749.912083844,4671430.5566095775,racing_line
-10033750.082314912,4671430.461323637,racing_line
-10033750.2121181,4671430.207135323,racing_line
-10033750.395854909,4671430.15463274,racing_line
-10033750.580188565,4671430.102292605,racing_line
-10033750.76519205,4671430.050392842,racing_line
-10033750.950951211,4671429.999257378,racing_line
-10033751.177591212,4671430.133130863,racing_line
-10033751.366974618,4671430.099350348,racing_line
-10033751.552500531,4671430.049814116,racing_line
-10033751.736974875,4671429.984706704,racing_line
-10033751.89235921,4671429.762793129,racing_line
-10033752.082795419,4671429.719339699,racing_line
-10033752.273652613,4671429.676661037,racing_line
-10033752.464779312,4671429.634438071,racing_line
-10033752.656038467,4671429.5923777,racing_line
-10033752.771680871,4671429.302217497,racing_line
-10033752.914667975,4671429.08543887,racing_line
-10033753.113736397,4671429.046160802,racing_line
-10033753.32376049,4671429.029913556,racing_line
-10033753.56030297,4671429.162656779,racing_line
-10033753.794375565,4671429.299043412,racing_line
-10033753.982833333,4671429.244713882,racing_line
-10033754.171462463,4671429.191172043,racing_line
-10033754.360188304,4671429.138394324,racing_line
-10033754.548960011,4671429.086405841,racing_line
-10033754.737746239,4671429.035266997,racing_line
-10033754.99999541,4671429.261973828,racing_line
-10033755.232753169,4671429.413024143,racing_line
-10033755.305780493,4671428.892806418,racing_line
-10033755.495776698,4671428.848413842,racing_line
-10033755.685719602,4671428.8040620275,racing_line
-10033755.875653826,4671428.759993147,racing_line
-10033756.06562885,4671428.716455495,racing_line
-10033756.255688269,4671428.673659191,racing_line
-10033756.44586204,4671428.631742218,racing_line
-10033756.636162924,4671428.590752075,racing_line
-10033756.826586433,4671428.550643552,racing_line
-10033757.01711293,4671428.51129003,racing_line
-10033757.207710631,4671428.472504361,racing_line
-10033757.398338957,4671428.434065418,racing_line
-10033757.50867073,4671428.071399141,racing_line
-10033757.70488089,4671428.04220417,racing_line
-10033757.90600202,4671428.02514077,racing_line
-10033758.15700845,4671428.26437052,racing_line
-10033758.345568605,4671428.217557905,racing_line
-10033758.534165267,4671428.171223809,racing_line
-10033758.722741984,4671428.125199817,racing_line
-10033758.91124245,4671428.079252164,racing_line
-10033759.099616626,4671428.033106106,racing_line
-10033759.287828334,4671427.98647939,racing_line
-10033759.475863636,4671427.9391215835,racing_line
-10033759.720750697,4671428.111056018,racing_line
-10033759.910150567,4671428.080696665,racing_line
-10033760.09389279,4671428.033304703,racing_line
-10033760.277560765,4671427.969220161,racing_line
-10033760.42246085,4671427.719044939,racing_line
-10033760.613681305,4671427.6796863675,racing_line
-10033760.805393234,4671427.641240053,racing_line
-10033760.997463185,4671427.603256637,racing_line
-10033761.189737458,4671427.565233662,racing_line
-10033761.382050935,4671427.526631145,racing_line
-10033761.52169293,4671427.272571425,racing_line
-10033761.69758644,4671427.160796399,racing_line
-10033761.878461264,4671427.052321466,racing_line
-10033762.060994243,4671426.952110457,racing_line
-10033762.292279014,4671427.088239295,racing_line
-10033762.528340314,4671427.254378267,racing_line
-10033762.71785151,4671427.202530427,racing_line
-10033762.907114733,4671427.150084885,racing_line
-10033763.096125297,4671427.097029092,racing_line
-10033763.284892716,4671427.043364778,racing_line
-10033763.473434811,4671426.989074739,racing_line
-10033763.66177107,4671426.934089791,racing_line
-10033763.849916903,4671426.878265845,racing_line
-10033764.03788122,4671426.821380293,racing_line
-10033764.184177035,4671426.567441216,racing_line
-10033764.36657857,4671426.481302036,racing_line
-10033764.558013402,4671426.451026205,racing_line
-10033764.885865122,4671426.851664363,racing_line
-10033765.05428892,4671426.739600376,racing_line
-10033765.166311901,4671426.4573543975,racing_line
-10033765.356659584,4671426.398911849,racing_line
-10033765.547638372,4671426.340779733,racing_line
-10033765.739016514,4671426.282164242,racing_line
-10033765.875867072,4671426.016002293,racing_line
-10033766.05183382,4671425.894609917,racing_line
-10033766.233560119,4671425.788597448,racing_line
-10033766.419018531,4671425.697387031,racing_line
-10033766.607267274,4671425.618962534,racing_line
-10033766.808933442,4671425.602790441,racing_line
-10033767.073289743,4671425.812244745,racing_line
-10033767.262204636,4671425.736686828,racing_line
-10033767.450860035,4671425.6606688555,racing_line
-10033767.639212923,4671425.584110215,racing_line
-10033767.827231012,4671425.506925456,racing_line
-10033768.014888786,4671425.4290242875,racing_line
-10033768.202163257,4671425.350309642,racing_line
-10033768.38902995,4671425.270674634,racing_line
-10033768.575459862,4671425.189999417,racing_line
-10033768.76141777,4671425.108148977,racing_line
-10033768.887916071,4671424.857744346,racing_line
-10033769.065636555,4671424.75579946,racing_line
-10033769.24287549,4671424.652862043,racing_line
-10033769.420135738,4671424.550266319,racing_line
-10033769.598019514,4671424.449614017,racing_line
-10033769.777167043,4671424.3525931565,racing_line
-10033769.958181005,4671424.260727979,racing_line
-10033770.141552502,4671424.175103295,racing_line
-10033770.327592641,4671424.096101302,racing_line
-10033770.516389506,4671424.023252108,racing_line
-10033770.765936777,4671424.090658542,racing_line
-10033770.944620498,4671423.986894328,racing_line
-10033771.123013627,4671423.882125637,racing_line
-10033771.301212259,4671423.7767614145,racing_line
-10033771.479293026,4671423.671203855,racing_line
-10033771.657302067,4671423.56580928,racing_line
-10033771.83524527,4671423.4608491855,racing_line
-10033772.013080208,4671423.356476346,racing_line
-10033772.190710459,4671423.252701023,racing_line
-10033772.36798321,4671423.149381513,racing_line
-10033772.544691123,4671423.04623102,racing_line
-10033772.720579691,4671422.942840356,racing_line
-10033772.790582268,4671422.678978914,racing_line
-10033772.92660579,4671422.521238134,racing_line
-10033773.064986663,4671422.368324347,racing_line
-10033773.209196275,4671422.2242866885,racing_line
-10033773.361634405,4671422.092014034,racing_line
-10033773.522696806,4671421.97297385,racing_line
-10033773.692419682,4671421.865790453,racing_line
-10033773.868354904,4671421.76820208,racing_line
-10033774.04796836,4671421.676411064,racing_line
-10033774.228644762,4671421.586296241,racing_line
-10033774.408074984,4671421.494140699,racing_line
-10033774.584463706,4671421.397101248,racing_line
-10033774.849766903,4671421.414738342,racing_line
-10033775.002958573,4671421.282621626,racing_line
-10033775.15546382,4671421.149486348,racing_line
-10033775.307361249,4671421.015480754,racing_line
-10033775.458686173,4671420.880699428,racing_line
-10033775.609436616,4671420.745187607,racing_line
-10033775.759580232,4671420.608947622,racing_line
-10033775.909060866,4671420.47194642,racing_line
-10033776.057804018,4671420.33412352,racing_line
-10033776.205720792,4671420.195398852,racing_line
-10033776.242141591,4671419.943996887,racing_line
-10033776.37483087,4671419.792782438,racing_line
-10033776.505432032,4671419.63983871,racing_line
-10033776.633764705,4671419.48500339,racing_line
-10033776.759626994,4671419.328103126,racing_line
-10033776.882927941,4671419.169074079,racing_line
-10033777.003817959,4671419.008069893,racing_line
-10033777.122804325,4671418.845552673,racing_line
-10033777.240761116,4671418.682441043,racing_line
-10033777.358323386,4671418.520752056,racing_line
-10033777.478816032,4671418.3599193115,racing_line
-10033777.602896176,4671418.202503827,racing_line
-10033777.731877357,4671418.049682853,racing_line
-10033777.866472553,4671417.902029487,racing_line
-10033778.006539946,4671417.759237127,racing_line
-10033778.150978617,4671417.620011722,racing_line
-10033778.29778,4671417.482172229,racing_line
-10033778.444265794,4671417.342986523,racing_line
-10033778.690749107,4671417.276537882,racing_line
-10033778.802890908,4671417.106269041,racing_line
-10033778.914729252,4671416.93473686,racing_line
-10033779.026475623,4671416.761986522,racing_line
-10033779.138212431,4671416.588045836,racing_line
-10033779.249887228,4671416.412932752,racing_line
-10033779.361324925,4671416.236663552,racing_line
-10033779.472254302,4671416.059260039,racing_line
-10033779.447113492,4671415.802444958,racing_line
-10033779.531522693,4671415.611535975,racing_line
-10033779.616262333,4671415.421141773,racing_line
-10033779.701836992,4671415.231580487,racing_line
-10033779.788094819,4671415.042817357,racing_line
-10033779.87448638,4671414.854621164,racing_line
-10033779.960445847,4671414.666752808,racing_line
-10033780.045786157,4671414.479142413,racing_line
-10033780.130919497,4671414.291974805,racing_line
-10033780.216503816,4671414.106274641,racing_line
-10033780.30393832,4671413.922176455,racing_line
-10033780.394764366,4671413.73913552,racing_line
-10033780.489421126,4671413.557679031,racing_line
-10033780.58775386,4671413.377734858,racing_line
-10033780.688925527,4671413.198607208,racing_line
-10033780.7913549,4671413.01926606,racing_line
-10033780.892903954,4671412.838479421,racing_line
-10033781.118353862,4671412.7026113365,racing_line
-10033781.189926341,4671412.5060089445,racing_line
-10033781.260708205,4671412.308259251,racing_line
-10033781.330831364,4671412.109408928,racing_line
-10033781.400320992,4671411.909513842,racing_line
-10033781.469086278,4671411.708636921,racing_line
-10033781.536923366,4671411.506845317,racing_line
-10033781.435389597,4671411.258509997,racing_line
-10033781.463959064,4671411.047852317,racing_line
-10033781.48996437,4671410.836807063,racing_line
-10033781.517231906,4671410.626250941,racing_line
-10033781.549859408,4671410.417055542,racing_line
-10033781.59156299,4671410.21002145,racing_line
-10033781.644816732,4671410.005727324,racing_line
-10033781.710082937,4671409.804335154,racing_line
-10033781.785197072,4671409.606473995,racing_line
-10033781.86642529,4671409.40949075,racing_line
-10033781.948298445,4671409.212134827,racing_line
-10033782.170835074,4671409.0387765365,racing_line
-10033782.207738407,4671408.831464751,racing_line
-10033782.243471645,4671408.624091882,racing_line
-10033782.278227944,4671408.416567466,racing_line
-10033782.312063297,4671408.208755679,racing_line
-10033782.34490218,4671408.000489356,racing_line
-10033782.376562841,4671407.791588919,racing_line
-10033782.224225435,4671407.566657232,racing_line
-10033782.228023449,4671407.356254947,racing_line
-10033782.237105675,4671407.145548323,racing_line
-10033782.253078323,4671406.934367068,racing_line
-10033782.275367495,4671406.722505447,racing_line
-10033782.30130345,4671406.50978673,racing_line
-10033782.326736892,4671406.296125079,racing_line
-10033782.34702824,4671406.081580381,racing_line
-10033782.358199222,4671405.866381402,racing_line
-10033782.358037878,4671405.65088484,racing_line
-10033782.346982013,4671405.435465729,racing_line
-10033782.328477072,4671405.220386502,racing_line
-10033782.308550008,4671405.005728219,racing_line
-10033782.294301722,4671404.79143781,racing_line
-10033782.291688683,4671404.577895881,racing_line
-10033782.30331547,4671404.36503272,racing_line
-10033782.327347849,4671404.151888679,racing_line
-10033782.358116124,4671403.9389943415,racing_line
-10033782.3878622,4671403.726231533,racing_line
-10033782.555287167,4671403.504117273,racing_line
-10033782.539439302,4671403.291990574,racing_line
-10033782.522379398,4671403.07973084,racing_line
-10033782.504158426,4671402.86715388,racing_line
-10033782.484678969,4671402.654114451,racing_line
-10033782.290541597,4671402.459872486,racing_line
-10033782.236653429,4671402.251229582,racing_line
-10033782.182933517,4671402.042031647,racing_line
-10033782.13343718,4671401.831542704,racing_line
-10033782.09111308,4671401.619165937,racing_line
-10033782.05750395,4671401.404553096,racing_line
-10033782.032692436,4671401.187928139,racing_line
-10033782.015332475,4671400.969510813,racing_line
-10033782.002823979,4671400.7490813825,racing_line
-10033781.991786404,4671400.527173864,racing_line
-10033782.124286942,4671400.275424554,racing_line
-10033782.077915816,4671400.057276938,racing_line
-10033782.030294653,4671399.839221343,racing_line
-10033781.981632423,4671399.621412515,racing_line
-10033781.932007201,4671399.404016998,racing_line
-10033781.881342847,4671399.187203249,racing_line
-10033781.658290386,4671399.0172055,racing_line
-10033781.56221423,4671398.815674218,racing_line
-10033781.464419996,4671398.615443853,racing_line
-10033781.370985426,4671398.414431496,racing_line
-10033781.286767147,4671398.210851801,racing_line
-10033781.214434963,4671398.00363554,racing_line
-10033781.154384647,4671397.793820489,racing_line
-10033781.103490168,4671397.579844286,racing_line
-10033781.057795323,4671397.363568619,racing_line
-10033781.01246859,4671397.146267251,racing_line
-10033780.963073097,4671396.929013075,racing_line
-10033780.906380743,4671396.712631573,racing_line
-10033780.840711817,4671396.497608915,racing_line
-10033780.7658032,4671396.283748232,racing_line
-10033780.827387929,4671396.01434103,racing_line
-10033780.736414682,4671395.801480402,racing_line
-10033780.64337048,4671395.587942094,racing_line
-10033780.548317173,4671395.373922631,racing_line
-10033780.451352626,4671395.159670179,racing_line
-10033780.352625499,4671394.945466089,racing_line
-10033780.252337823,4671394.731607081,racing_line
-10033780.15073055,4671394.518388238,racing_line
-10033780.048050158,4671394.306086831,racing_line
-10033779.94450013,4671394.094947329,racing_line
-10033779.8401886,4671393.885168919,racing_line
-10033779.735089151,4671393.6768970415,racing_line
-10033779.475770239,4671393.556828289,racing_line
-10033779.342303837,4671393.368930152,racing_line
-10033779.209019408,4671393.181967601,racing_line
-10033779.079886282,4671392.99313223,racing_line
-10033778.957469445,4671392.800387567,racing_line
-10033778.842496097,4671392.602851014,racing_line
-10033778.73395113,4671392.400787378,racing_line
-10033778.629548667,4671392.195326912,racing_line
-10033778.526322009,4671391.988105488,racing_line
-10033778.421163721,4671391.780953083,racing_line
-10033778.311244622,4671391.57566901,racing_line
-10033778.326393025,4671391.282637995,racing_line
-10033778.194565702,4671391.087954767,racing_line
-10033778.061024535,4671390.893657408,racing_line
-10033777.790281247,4671390.800284395,racing_line
-10033777.638127511,4671390.621022577,racing_line
-10033777.479323743,4671390.44685739,racing_line
-10033777.31635275,4671390.276109211,racing_line
-10033777.152475733,4671390.106306972,racing_line
-10033776.991471224,4671389.934442245,racing_line
-10033776.837487848,4671389.758043508,racing_line
-10033776.692888435,4671389.574343238,racing_line
-10033776.558378663,4671389.382195731,racing_line
-10033776.433017833,4671389.183073093,racing_line
-10033776.31327668,4671388.979594389,racing_line
-10033776.310639154,4671388.673013618,racing_line
-10033776.153414244,4671388.500350226,racing_line
-10033775.995603215,4671388.328772921,racing_line
-10033775.837429788,4671388.158008309,racing_line
-10033775.678982597,4671387.987867456,racing_line
-10033775.520207122,4671387.818263891,racing_line
-10033775.36092153,4671387.649215744,racing_line
-10033775.200851781,4671387.480832668,racing_line
-10033774.923469955,4671387.436263468,racing_line
-10033774.739427231,4671387.295432205,racing_line
-10033774.558386592,4671387.151226719,racing_line
-10033774.381312907,4671387.002184575,racing_line
-10033774.208029725,4671386.848234304,racing_line
-10033774.037337305,4671386.690620202,racing_line
-10033773.86728854,4671386.531598351,racing_line
-10033773.695640033,4671386.373911246,racing_line
-10033773.520423036,4671386.220109661,racing_line
-10033773.340540003,4671386.071815875,racing_line
-10033773.15647822,4671385.929257085,racing_line
-10033772.970319597,4671385.790726739,racing_line
-10033772.78403778,4671385.651675752,racing_line
-10033772.602031851,4671385.508525524,racing_line
-10033772.427063212,4671385.358052972,racing_line
-10033772.259712493,4671385.199509529,racing_line
-10033772.097873924,4671385.035223305,racing_line
-10033771.937368717,4671384.86999138,racing_line
-10033771.84926372,4671384.60685263,racing_line
-10033771.661137868,4671384.47696854,racing_line
-10033771.472613739,4671384.348054775,racing_line
-10033771.283595622,4671384.219904361,racing_line
-10033771.093909152,4671384.092451951,racing_line
-10033770.903327659,4671383.965765398,racing_line
-10033770.61842294,4671383.983465064,racing_line
-10033770.409087453,4671383.886848401,racing_line
-10033770.200827483,4671383.7886382295,racing_line
-10033769.994846849,4671383.6860387195,racing_line
-10033769.792374853,4671383.577374456,racing_line
-10033769.593660299,4671383.461556521,racing_line
-10033769.398487862,4671383.338459577,racing_line
-10033769.205856673,4671383.208674836,racing_line
-10033769.015136786,4671383.074075813,racing_line
-10033768.824891172,4671382.937055823,racing_line
-10033768.700477624,4671382.674503868,racing_line
-10033768.491057204,4671382.567159984,racing_line
-10033768.281023428,4671382.460851062,racing_line
-10033768.070639193,4671382.355472949,racing_line
-10033767.860097047,4671382.251030872,racing_line
-10033767.649491403,4671382.147655872,racing_line
-10033767.438806385,4671382.045599978,racing_line
-10033767.149082325,4671382.123375644,racing_line
-10033766.922164127,4671382.065417522,racing_line
-10033766.697326837,4671382.004225682,racing_line
-10033766.476185724,4671381.935067473,racing_line
-10033766.259457475,4671381.855443198,racing_line
-10033766.047045354,4671381.765497274,racing_line
-10033765.838248353,4671381.667715016,racing_line
-10033765.63042667,4671381.565425735,racing_line
-10033765.421649985,4671381.462674013,racing_line
-10033765.21038972,4671381.363018369,racing_line
-10033764.995584128,4671381.26888763,racing_line
-10033764.776828535,4671381.181413112,racing_line
-10033764.554237476,4671381.100455757,racing_line
-10033764.328336077,4671381.024817037,racing_line
-10033764.099903302,4671380.952556874,racing_line
-10033763.869808795,4671380.88137333,racing_line
-10033763.683579838,4671380.657814,racing_line
-10033763.447948433,4671380.592117552,racing_line
-10033763.211231813,4671380.527801411,racing_line
-10033762.973765792,4671380.46479198,racing_line
-10033762.735922903,4671380.40297647,racing_line
-10033762.4980781,4671380.3422298785,racing_line
-10033762.260561775,4671380.282457912,racing_line
-10033762.023609724,4671380.223644977,racing_line
-10033761.787325284,4671380.165890953,racing_line
-10033761.551667478,4671380.109421395,racing_line
-10033761.286483038,4671380.2291266965,racing_line
-10033761.046425935,4671380.216713069,racing_line
-10033760.807682391,4671380.199760493,racing_line
-10033760.570465395,4671380.173916856,racing_line
-10033760.334676435,4671380.137411539,racing_line
-10033760.099977026,4671380.090886675,racing_line
-10033759.865866058,4671380.036703866,racing_line
-10033759.631759502,4671379.978139804,racing_line
-10033759.397075143,4671379.9187093,racing_line
-10033759.161313435,4671379.861710733,racing_line
-10033758.92412357,4671379.809960455,racing_line
-10033758.70009996,4671379.615569568,racing_line
-10033758.457584478,4671379.588686593,racing_line
-10033758.214498661,4671379.563265045,racing_line
-10033757.970967714,4671379.539314872,racing_line
-10033757.727123808,4671379.516930191,racing_line
-10033757.473581206,4671379.679118913,racing_line
-10033757.22990012,4671379.6823335625,racing_line
-10033756.986447379,4671379.686328826,racing_line
-10033756.743392728,4671379.687226234,racing_line
-10033756.500855943,4671379.681396904,racing_line
-10033756.259160079,4671379.666403372,racing_line
-10033756.018414464,4671379.641884893,racing_line
-10033755.777873948,4671379.609978188,racing_line
-10033755.537209919,4671379.41390386,racing_line
-10033755.295805924,4671379.4135476835,racing_line
-10033755.054892883,4671379.4145350605,racing_line
-10033754.814438678,4671379.416597017,racing_line
-10033754.57439027,4671379.419581292,racing_line
-10033754.33468024,4671379.423473163,racing_line
-10033754.095236188,4671379.428389257,racing_line
-10033753.855990585,4671379.434547951,racing_line
-10033753.628850585,4671379.61756983,racing_line
-10033753.392925449,4671379.6511076335,racing_line
-10033753.156675372,4671379.679977568,racing_line
-10033752.919817364,4671379.702675139,racing_line
-10033752.682243416,4671379.719183354,racing_line
-10033752.444024744,4671379.730873883,racing_line
-10033752.205390904,4671379.7402571775,racing_line
-10033751.966698863,4671379.750578084,racing_line
-10033751.728397189,4671379.765291269,racing_line
-10033751.491010183,4671379.787417157,racing_line
-10033751.255176147,4671379.8188238,racing_line
-10033751.02096575,4671379.8595680315,racing_line
-10033750.788163528,4671379.907361139,racing_line
-10033750.556006927,4671379.957720036,racing_line
-10033750.324141793,4671380.004926767,racing_line
-10033750.09191758,4671380.044053087,racing_line
-10033749.858999377,4671380.072854245,racing_line
-10033749.62549586,4671380.092752774,racing_line
-10033749.391911117,4671380.108327209,racing_line
-10033749.133729625,4671379.982421532,racing_line
-10033748.905319177,4671380.030375255,racing_line
-10033748.677386634,4671380.079473883,racing_line
-10033748.44977212,4671380.12961333,racing_line
-10033748.222354382,4671380.18079949,racing_line
-10033747.995057844,4671380.233137438,racing_line
-10033747.767851144,4671380.28680628,racing_line
-10033747.581234721,4671380.512081029,racing_line
-10033747.360260611,4671380.588758831,racing_line
-10033747.13848931,4671380.662941068,racing_line
-10033746.915420616,4671380.73293192,racing_line
-10033746.690754863,4671380.79781393,racing_line
-10033746.46441055,4671380.857496533,racing_line
-10033746.236521624,4671380.9126966875,racing_line
-10033746.007431744,4671380.964877979,racing_line
-10033745.731226757,4671380.858016647,racing_line
-10033745.50633271,4671380.931564878,racing_line
-10033745.281827524,4671381.006542126,racing_line
-10033745.057789907,4671381.082736827,racing_line
-10033744.834326593,4671381.160002506,racing_line
-10033744.611568201,4671381.238290744,racing_line
-10033744.389659964,4671381.31766985,racing_line
-10033744.230088158,4671381.566555204,racing_line
-10033744.02251093,4671381.6781162005,racing_line
-10033743.81509774,4671381.788192687,racing_line
-10033743.606000371,4671381.8922485495,racing_line
-10033743.393974984,4671381.987487603,racing_line
-10033743.178634707,4671382.073433993,racing_line
-10033742.960422488,4671382.1518700505,racing_line
-10033742.740374198,4671382.226184102,racing_line
-10033742.519808099,4671382.300439879,racing_line
-10033742.300023424,4671382.378437988,racing_line
-10033742.018527847,4671382.319800687,racing_line
-10033741.806384927,4671382.423792755,racing_line
-10033741.594068497,4671382.529564431,racing_line
-10033741.381551163,4671382.637100255,racing_line
-10033741.168880977,4671382.746427708,racing_line
-10033740.956171911,4671382.857601922,racing_line
-10033740.823795816,4671383.125858156,racing_line
-10033740.616737412,4671383.247077777,racing_line
-10033740.407740887,4671383.365312607,racing_line
-10033740.196130604,4671383.479261966,racing_line
-10033739.981977623,4671383.589016027,racing_line
-10033739.689501759,4671383.564133805,racing_line
-10033739.481708383,4671383.687369845,racing_line
-10033739.275231212,4671383.811530363,racing_line
-10033739.070153847,4671383.9364124965,racing_line
-10033738.866543774,4671384.061939545,racing_line
-10033738.66445621,4671384.188186149,racing_line
-10033738.562554464,4671384.4655624805,racing_line
-10033738.379826842,4671384.615583499,racing_line
-10033738.196181405,4671384.762744408,racing_line
-10033738.00927692,4671384.904184607,racing_line
-10033737.817973085,4671385.038924191,racing_line
-10033737.622345453,4671385.167720074,racing_line
-10033737.423423076,4671385.292560399,racing_line
-10033737.2228089,4671385.416045024,racing_line
-10033737.02234763,4671385.5408814205,racing_line
-10033736.724398982,4671385.539682449,racing_line
-10033736.536401927,4671385.6852011345,racing_line
-10033736.349101305,4671385.832193052,racing_line
-10033736.162533943,4671385.98055202,racing_line
-10033735.97680971,4671386.130218409,racing_line
-10033735.903652726,4671386.413735159,racing_line
-10033735.736108577,4671386.582134429,racing_line
-10033735.571917897,4671386.753731633,racing_line
-10033735.409073649,4671386.925511294,racing_line
-10033735.244815702,4671387.09429304,racing_line
-10033735.075735558,4671387.257651706,racing_line
-10033734.900124514,4671387.413191548,racing_line
-10033734.717680367,4671387.560175663,racing_line
-10033734.529667633,4671387.700132892,racing_line
-10033734.33896136,4671387.836435705,racing_line
-10033734.048952598,4671387.871507803,racing_line
-10033733.8858732,4671388.036925413,racing_line
-10033733.724077675,4671388.202674517,racing_line
-10033733.56335666,4671388.368654644,racing_line
-10033733.403584415,4671388.534877673,racing_line
-10033733.244725272,4671388.701458635,racing_line
-10033733.086823493,4671388.868588588,racing_line
-10033732.929980407,4671389.036497202,racing_line
-10033732.907119285,4671389.320039735,racing_line
-10033732.766408136,4671389.499632942,racing_line
-10033732.62129168,4671389.675518297,racing_line
-10033732.471595187,4671389.847780303,racing_line
-10033732.318358526,4671390.017418116,racing_line
-10033732.163665392,4671390.186168202,racing_line
-10033732.010344237,4671390.35622685,racing_line
-10033732.018607572,4671390.650561302,racing_line
-10033731.794961955,4671390.767573817,racing_line
-10033731.442206543,4671390.785256335,racing_line
-10033731.30381412,4671390.966790027,racing_line
-10033731.165860992,4671391.1481579915,racing_line
-10033731.231469098,4671391.474029169,racing_line
-10033731.10966658,4671391.663040036,racing_line
-10033730.978903921,4671391.844226503,racing_line
-10033730.836671524,4671392.01693954,racing_line
-10033730.68499034,4671392.182001721,racing_line
-10033730.528589306,4671392.343084383,racing_line
-10033730.264304869,4671392.432981081,racing_line
-10033730.143530693,4671392.618443314,racing_line
-10033730.023699822,4671392.804190118,racing_line
-10033729.904554281,4671392.990256574,racing_line
-10033729.785966363,4671393.176736234,racing_line
-10033729.667936265,4671393.363767054,racing_line
-10033729.550570518,4671393.5515124705,racing_line
-10033729.434048777,4671393.740142049,racing_line
-10033729.471977016,4671394.0157829905,racing_line
-10033729.37648091,4671394.215451921,racing_line
-10033729.27560868,4671394.412549624,racing_line
-10033729.167861361,4671394.606409579,racing_line
-10033729.052613046,4671394.796802352,racing_line
-10033728.93013663,4671394.983951055,racing_line
-10033728.656373762,4671395.0942052975,racing_line
-10033728.551092412,4671395.292364776,racing_line
-10033728.44684986,4671395.491290595,racing_line
-10033728.343407072,4671395.690741476,racing_line
-10033728.240548108,4671395.8904733155,racing_line
-10033728.13811756,4671396.090270225,racing_line
-10033728.036053412,4671396.289976668,racing_line
-10033727.934407506,4671396.489523252,racing_line
-10033727.83334652,4671396.688938635,racing_line
-10033727.733130421,4671396.888343442,racing_line
-10033727.634071408,4671397.0879277615,racing_line
-10033727.718226768,4671397.359985612,racing_line
-10033727.647793066,4671397.569771941,racing_line
-10033727.56744119,4671397.775844864,racing_line
-10033727.476880034,4671397.978286118,racing_line
-10033727.377876405,4671398.177911574,racing_line
-10033727.27350868,4671398.376028719,racing_line
-10033727.167285375,4671398.574119198,racing_line
-10033726.904375281,4671398.714669079,racing_line
-10033726.820229953,4671398.923485971,racing_line
-10033726.737068303,4671399.133639989,racing_line
-10033726.654759144,4671399.345117704,racing_line
-10033726.844306368,4671399.652645615,racing_line
-10033726.94300858,4671399.929102698,racing_line
-10033726.807560248,4671400.128796899,racing_line
-10033726.347292773,4671400.206580588,racing_line
-10033726.27673392,4671400.425149094,racing_line
-10033726.207236126,4671400.644396442,racing_line
-10033726.138933962,4671400.864496413,racing_line
-10033726.072036576,4671401.085639502,racing_line
-10033725.786524307,4671401.238506741,racing_line
-10033725.652197842,4671401.438172227,racing_line
-10033725.555270642,4671401.6384413885,racing_line
-10033725.491585646,4671401.860217363,racing_line
-10033725.52297041,4671402.108473239,racing_line
-10033725.63018322,4671402.399092104,racing_line
-10033725.550813016,4671402.615405407,racing_line
-10033725.47215453,4671402.831816342,racing_line
-10033725.394542174,4671403.048531106,racing_line
-10033725.318218607,4671403.265708327,racing_line
-10033725.243313085,4671403.483449103,racing_line
-10033725.169841614,4671403.701798987,racing_line
-10033725.09772344,4671403.920756711,racing_line
-10033725.026807237,4671404.140285272,racing_line
-10033725.154940404,4671404.408664874,racing_line
-10033725.181717485,4671404.653330713,racing_line
-10033725.096249392,4671404.871545534,racing_line
-10033725.005098963,4671405.088092772,racing_line
-10033724.909154138,4671405.303024199,racing_line
-10033724.640665477,4671405.471499785,racing_line
-10033724.583366264,4671405.695504494,racing_line
-10033724.527199961,4671405.919814752,racing_line
-10033724.471716356,4671406.144296143,racing_line
-10033724.416446459,4671406.3688151315,racing_line
-10033724.36092183,4671406.593244234,racing_line
-10033724.304697864,4671406.817467993,racing_line
-10033724.247379351,4671407.041389077,racing_line
-10033724.011978047,4671407.217398207,racing_line
-10033723.940522816,4671407.433520552,racing_line
-10033724.066141583,4671407.710729777,racing_line
-10033724.002943944,4671407.9331706,racing_line
-10033723.939289775,4671408.155549938,racing_line
-10033723.875020895,4671408.3777995575,racing_line
-10033723.810075648,4671408.599867266,racing_line
-10033723.744500712,4671408.821722303,racing_line
-10033723.678444717,4671409.043355785,racing_line
-10033723.61213605,4671409.264777433,racing_line
-10033723.545850048,4671409.48601069,racing_line
-10033723.479872176,4671409.707088308,racing_line
-10033723.637618518,4671409.982697575,racing_line
-10033723.596014038,4671410.21130214,racing_line
-10033723.54136893,4671410.439104911,racing_line
-10033723.235564198,4671410.5942489635,racing_line
-10033723.178431567,4671410.816732587,racing_line
-10033723.11983136,4671411.038944177,racing_line
-10033723.059886796,4671411.260966596,racing_line
-10033722.998765238,4671411.482877506,racing_line
-10033722.936653905,4671411.704745019,racing_line
-10033722.873736925,4671411.92662533,racing_line
-10033722.810177397,4671412.148562511,racing_line
-10033722.746107994,4671412.370590566,racing_line
-10033722.681631425,4671412.59273751,racing_line
-10033722.61682894,4671412.815030372,racing_line
-10033722.778414814,4671413.100098528,racing_line
-10033722.488668397,4671413.260881398,racing_line
-10033722.426715925,4671413.484956546,racing_line
-10033722.364132639,4671413.709230637,racing_line
-10033722.300892524,4671413.933671723,racing_line
-10033722.237002619,4671414.158255003,racing_line
-10033722.172508651,4671414.382966504,racing_line
-10033722.107494768,4671414.607805058,racing_line
-10033722.042077666,4671414.832782868,racing_line
-10033721.976396559,4671415.0579251535,racing_line
-10033721.910600312,4671415.2832692135,racing_line
-10033721.844833242,4671415.508862875,racing_line
-10033721.595967649,4671415.680411935,racing_line
-10033721.709897678,4671415.960044802,racing_line
-10033721.639927864,4671416.18551481,racing_line
-10033721.5690405,4671416.411175397,racing_line
-10033721.497294974,4671416.637075531,racing_line
-10033721.42480575,4671416.863275083,racing_line
-10033721.351734933,4671417.089840866,racing_line
-10033721.278279077,4671417.316841475,racing_line
-10033721.204650685,4671417.544340955,racing_line
-10033721.131055608,4671417.772391608,racing_line
-10033721.057668678,4671418.001026825,racing_line
-10033720.984611524,4671418.2302554045,racing_line
-10033720.9124211,4671418.460206928,racing_line
-10033720.84144895,4671418.6909511825,racing_line
-10033720.771688614,4671418.922449217,racing_line
-10033720.702356592,4671419.1544361785,racing_line
-10033720.632785536,4671419.386691034,racing_line
-10033720.563131185,4671419.619248374,racing_line
-10033720.4935145,4671419.852143261,racing_line
-10033720.424010677,4671420.085405922,racing_line
-10033720.35464774,4671420.319058768,racing_line
-10033720.285413403,4671420.553115638,racing_line
-10033720.21626764,4671420.787582694,racing_line
-10033720.147158017,4671421.022460427,racing_line
-10033720.07693892,4671421.257431163,racing_line
-10033720.005387295,4671421.4924353855,racing_line
-10033719.93245006,4671421.727454908,racing_line
-10033719.858542781,4671421.962594951,racing_line
-10033719.784602351,4671422.19810204,racing_line
-10033719.710607085,4671422.433961693,racing_line
-10033719.636539795,4671422.6701643625,racing_line
-10033719.562403928,4671422.906710185,racing_line
-10033719.48823743,4671423.143611957,racing_line
-10033719.414120216,4671423.380895181,racing_line
-10033719.340171928,4671423.618594243,racing_line
-10033719.266537953,4671423.856744462,racing_line
-10033719.193365274,4671424.0953710545,racing_line
-10033719.317453708,4671424.392397736,racing_line
-10033719.050510645,4671424.574522041,racing_line
-10033718.979628608,4671424.814507568,racing_line
-10033718.908470433,4671425.05448368,racing_line
-10033718.837182082,4671425.294452109,racing_line
-10033718.765926303,4671425.534428384,racing_line
-10033718.69485696,4671425.774433628,racing_line
-10033718.624098979,4671426.014487499,racing_line
-10033718.553736698,4671426.254603377,racing_line
-10033718.483810939,4671426.494785916,racing_line
-10033718.414323231,4671426.735030567,racing_line
-10033718.345245097,4671426.975324425,racing_line
-10033718.276530083,4671427.215647953,racing_line
-10033718.208126431,4671427.45597727,racing_line
-10033718.139988534,4671427.696286719,racing_line
-10033718.071978325,4671427.9365193015,racing_line
-10033718.003541276,4671428.176490317,racing_line
-10033717.934843808,4671428.416229055,racing_line
-10033717.866169078,4671428.655796252,racing_line
-10033717.797659788,4671428.895219624,racing_line
-10033717.72937325,4671429.134509156,racing_line
-10033717.661636427,4671429.373748809,racing_line
-10033717.594637524,4671429.61299059,racing_line
-10033717.528538544,4671429.852281729,racing_line
-10033717.463466547,4671430.091659848,racing_line
-10033717.39902337,4671430.331000494,racing_line
-10033717.334878337,4671430.570196112,racing_line
-10033717.270948326,4671430.809209507,racing_line
-10033717.207153037,4671431.047998016,racing_line
-10033717.14342911,4671431.286517569,racing_line
-10033717.079741508,4671431.524726817,racing_line
-10033717.016090084,4671431.7625904735,racing_line
-10033716.952510428,4671432.00008151,racing_line
-10033716.889069088,4671432.237182059,racing_line
-10033716.825854309,4671432.47388318,racing_line
-10033716.762964044,4671432.71018384,racing_line
-10033716.700493302,4671432.946089443,racing_line
-10033716.638522614,4671433.1816100655,racing_line
-10033716.577109333,4671433.416758614,racing_line
-10033716.516283058,4671433.6515489435,racing_line
-10033716.455656108,4671433.885887142,racing_line
-10033716.39437979,4671434.119555993,racing_line
-10033716.333289582,4671434.352762543,racing_line
-10033716.27242157,4671434.585543254,racing_line
-10033716.211796775,4671434.8179330155,racing_line
-10033716.151422575,4671435.049964603,racing_line
-10033716.091290548,4671435.2816677075,racing_line
-10033716.031776754,4671435.513156351,racing_line
-10033715.973675648,4671435.744635176,racing_line
-10033715.917190239,4671435.976175562,racing_line
-10033715.86217314,4671436.207748975,racing_line
-10033715.807695754,4671436.439102359,racing_line
-10033715.753712438,4671436.670237066,racing_line
-10033715.700160787,4671436.9011486815,racing_line
-10033715.646972872,4671437.13182891,racing_line
-10033715.594087437,4671437.362268016,racing_line
-10033715.541460332,4671437.592457265,racing_line
-10033715.48907131,4671437.822390916,racing_line
-10033715.436926454,4671438.052067626,racing_line
-10033715.38505634,4671438.281491199,racing_line
-10033715.333510524,4671438.510670731,racing_line
-10033715.282349356,4671438.739620123,racing_line
-10033715.231634423,4671438.968356987,racing_line
-10033715.181418853,4671439.19690099,racing_line
-10033715.131738909,4671439.425271733,racing_line
-10033715.082608305,4671439.65348647,racing_line
-10033715.034015965,4671439.881557949,racing_line
-10033714.98592768,4671440.109492702,racing_line
-10033714.938198663,4671440.337266273,racing_line
-10033714.89082939,4671440.564887017,racing_line
-10033714.843910854,4671440.792380644,racing_line
-10033714.797270771,4671441.019698572,racing_line
-10033714.750882614,4671441.246823842,racing_line
-10033714.704752117,4671441.473743483,racing_line
-10033714.65892217,4671441.700452209,racing_line
-10033714.613471769,4671441.926955001,racing_line
-10033714.568508381,4671442.153268,racing_line
-10033714.524154438,4671442.379417475,racing_line
-10033714.480530245,4671442.6054372005,racing_line
-10033714.437736254,4671442.831364872,racing_line
-10033714.39583755,4671443.057238286,racing_line
-10033714.35485298,4671443.28309195,racing_line
-10033714.314750617,4671443.508954532,racing_line
-10033714.275450137,4671443.734847344,racing_line
-10033714.236831874,4671443.960783768,racing_line
-10033714.198751446,4671444.186769411,racing_line
-10033714.161058087,4671444.412802731,racing_line
-10033714.123614099,4671444.638875984,racing_line
-10033714.086312506,4671444.864976383,racing_line
-10033714.04908958,4671445.091087457,racing_line
-10033714.011929503,4671445.317190504,racing_line
-10033713.974860076,4671445.543265896,racing_line
-10033713.937521629,4671445.769174235,racing_line
-10033713.901031714,4671445.995022349,racing_line
-10033713.865310919,4671446.220811801,racing_line
-10033713.830294417,4671446.446552207,racing_line
-10033713.795939468,4671446.67225858,racing_line
-10033713.761828158,4671446.897860316,racing_line
-10033713.727134436,4671447.123191653,racing_line
-10033713.692763112,4671447.348325616,racing_line
-10033713.658848362,4671447.573264974,racing_line
-10033713.625432253,4671447.798011112,racing_line
-10033713.592574565,4671448.022575388,racing_line
-10033713.560344439,4671448.246977504,racing_line
-10033713.528807588,4671448.471242465,racing_line
-10033713.498012636,4671448.695396975,racing_line
-10033713.467979878,4671448.919466052,racing_line
-10033713.43869448,4671449.143470266,racing_line
-10033713.410105351,4671449.367423803,racing_line
-10033713.382129684,4671449.591333305,racing_line
-10033713.354662478,4671449.815197427,racing_line
-10033713.327589825,4671450.039007015,racing_line
-10033713.3008042,4671450.262745977,racing_line
-10033713.274219714,4671450.486392796,racing_line
-10033713.247784905,4671450.70992277,racing_line
-10033713.221490957,4671450.933310788,racing_line
-10033713.195373802,4671451.15653437,racing_line
-10033713.169718107,4671451.379588545,racing_line
-10033713.144942217,4671451.602482165,racing_line
-10033713.120792558,4671451.825193355,racing_line
-10033713.097004548,4671452.047707897,racing_line
-10033713.073328365,4671452.270020248,racing_line
-10033713.050457634,4671452.492186711,racing_line
-10033713.02842737,4671452.7142284615,racing_line
-10033713.007220171,4671452.936163718,racing_line
-10033712.986766156,4671453.158004614,racing_line
-10033712.9669511,4671453.379755331,racing_line
-10033712.947631728,4671453.601411838,racing_line
-10033712.92865558,4671453.822963137,racing_line
-10033712.909881853,4671454.0443936065,racing_line
-10033712.891199987,4671454.265685868,racing_line
-10033712.872543337,4671454.486823597,racing_line
-10033712.853896081,4671454.7077938095,racing_line
-10033712.835292663,4671454.928588374,racing_line
-10033712.816810291,4671455.149204716,racing_line
-10033712.798555601,4671455.369645817,racing_line
-10033712.780647658,4671455.589919641,racing_line
-10033712.763199838,4671455.810038136,racing_line
-10033712.746303745,4671456.030015865,racing_line
-10033712.730018288,4671456.249868341,racing_line
-10033712.923751537,4671456.4821869815,racing_line
-10033712.70086084,4671456.6892794315,racing_line
-10033712.688484691,4671456.908851458,racing_line
-10033712.676215544,4671457.128251459,racing_line
-10033712.664059486,4671457.347518446,racing_line
-10033712.652006004,4671457.566691209,racing_line
-10033712.640026517,4671457.785808172,racing_line
-10033712.628081493,4671458.004907629,racing_line
-10033712.617075382,4671458.224049411,racing_line
-10033712.606860043,4671458.4431799,racing_line
-10033712.59731678,4671458.6623084005,racing_line
-10033712.588400148,4671458.881454591,racing_line
-10033712.580028959,4671459.100635642,racing_line
-10033712.572097179,4671459.319865284,racing_line
-10033712.564490616,4671459.539153656,racing_line
-10033712.557105385,4671459.758507762,racing_line
-10033712.549864203,4671459.977932167,racing_line
-10033712.542727936,4671460.197429795,racing_line
-10033712.535700716,4671460.417002833,racing_line
-10033712.52882812,4671460.636653664,racing_line
-10033712.52218911,4671460.856385866,racing_line
-10033712.515883071,4671461.076205125,racing_line
-10033712.510013832,4671461.296119814,racing_line
-10033712.504673067,4671461.516141027,racing_line
-10033712.49992595,4671461.73628184,racing_line
-10033712.495801352,4671461.95655581,racing_line
-10033712.492288236,4671462.17697488,racing_line
-10033712.489130434,4671462.397535099,racing_line
-10033712.485940535,4671462.618220529,racing_line
-10033712.483004447,4671462.839047713,racing_line
-10033712.480619365,4671463.060027005,racing_line
-10033712.479066495,4671463.281161114,racing_line
-10033712.477680717,4671463.502391504,racing_line
-10033712.47645057,4671463.723695027,racing_line
-10033712.475409716,4671463.9450516105,racing_line
-10033712.474634614,4671464.166447513,racing_line
-10033712.47423425,4671464.387877655,racing_line
-10033712.474333294,4671464.609346695,racing_line
-10033712.475051789,4671464.830868866,racing_line
-10033712.476485124,4671465.05246685,racing_line
-10033712.478687905,4671465.274169996,racing_line
-10033712.481664315,4671465.496012181,racing_line
-10033712.485366683,4671465.718029391,racing_line
-10033712.489702377,4671465.9402570445,racing_line
-10033712.494548125,4671466.162727049,racing_line
-10033712.499769604,4671466.385464639,racing_line
-10033712.505243305,4671466.608485423,racing_line
-10033712.510876775,4671466.831793116,racing_line
-10033712.516623054,4671467.055378795,racing_line
-10033712.522485826,4671467.2792220395,racing_line
-10033712.528821388,4671467.503246987,racing_line
-10033712.535860006,4671467.7272970155,racing_line
-10033712.543500405,4671467.951384579,racing_line
-10033712.551655099,4671468.175531862,racing_line
-10033712.560268328,4671468.399766853,racing_line
-10033712.569325471,4671468.624119041,racing_line
-10033712.57885197,4671468.848615235,racing_line
-10033712.5889019,4671469.073275915,racing_line
-10033712.598598085,4671469.2980911955,racing_line
-10033712.60794734,4671469.522963345,racing_line
-10033712.617555771,4671469.747829061,racing_line
-10033712.627443314,4671469.97268243,racing_line
-10033712.637664264,4671470.197524933,racing_line
-10033712.648294302,4671470.422365754,racing_line
-10033712.659411315,4671470.647221178,racing_line
-10033712.67107493,4671470.872113222,racing_line
-10033712.683309082,4671471.097067758,racing_line
-10033712.696091034,4671471.322112194,racing_line
-10033712.709348485,4671471.547272643,racing_line
-10033712.722965121,4671471.772570561,racing_line
-10033712.73679353,4671471.998018984,racing_line
-10033712.750673559,4671472.223618744,racing_line
-10033712.764453549,4671472.449355267,racing_line
-10033713.009246599,4671472.65652993,racing_line
-10033713.007694874,4671472.884866642,racing_line
-10033712.813491995,4671473.125917609,racing_line
-10033712.83337869,4671473.350929389,racing_line
-10033712.854535539,4671473.575665234,racing_line
-10033712.876545493,4671473.800136907,racing_line
-10033712.898934579,4671474.024372581,racing_line
-10033712.92119493,4671474.2484158445,racing_line
-10033712.942814782,4671474.472324248,racing_line
-10033712.96331438,4671474.69616746,racing_line
-10033712.982284684,4671474.9200247675,racing_line
-10033713.000483613,4671475.143887965,racing_line
-10033713.020069057,4671475.367633164,racing_line
-10033713.040929295,4671475.591331309,racing_line
-10033713.062859781,4671475.815051541,racing_line
-10033713.085587142,4671476.03885811,racing_line
-10033713.10880034,4671476.26280864,racing_line
-10033713.132183943,4671476.486952819,racing_line
-10033713.155448142,4671476.711330658,racing_line
-10033713.178350624,4671476.935969902,racing_line
-10033713.20070713,4671477.1608827375,racing_line
-10033713.222389424,4671477.386062376,racing_line
-10033713.243312282,4671477.611480074,racing_line
-10033713.263413949,4671477.837082897,racing_line
-10033713.679748867,4671478.01988734,racing_line
-10033713.704872336,4671478.251872802,racing_line
-10033713.655593382,4671478.485181877,racing_line
-10033713.368260883,4671478.734739134,racing_line
-10033713.400297018,4671478.957380968,racing_line
-10033713.433144612,4671479.179288629,racing_line
-10033713.46622852,4671479.400449387,racing_line
-10033713.305784138,4671479.650604853,racing_line
-10033713.199111812,4671479.967193561,racing_line
-10033713.08574608,4671480.239303235,racing_line
-10033714.281833338,4671480.2155175265,racing_line
-10033714.323414959,4671480.457173602,racing_line
-10033714.214713195,4671480.688687049,racing_line
-10033714.09700287,4671480.914536942,racing_line
-10033713.937573299,4671481.138753782,racing_line
-10033713.77366906,4671481.363556778,racing_line
-10033713.819644254,4671481.579911169,racing_line
-10033713.614523116,4671481.855615265,racing_line
-10033713.611670379,4671482.077782596,racing_line
-10033713.654440548,4671482.290472225,racing_line
-10033713.729170877,4671482.499999716,racing_line
-10033713.82180821,4671482.705633669,racing_line
-10033714.050798705,4671482.89319974,racing_line
-10033714.082575493,4671483.114975757,racing_line
-10033714.113864763,4671483.33731575,racing_line
-10033714.145280559,4671483.560088128,racing_line
-10033714.176560756,4671483.783282533,racing_line
-10033714.206623357,4671484.007007431,racing_line
-10033714.235942518,4671484.231209099,racing_line
-10033714.265009154,4671484.455850812,racing_line
-10033714.294306282,4671484.680912404,racing_line
-10033714.324279364,4671484.906388642,racing_line
-10033714.355304167,4671485.132286327,racing_line
-10033714.387655135,4671485.358619844,racing_line
-10033714.421478242,4671485.585404597,racing_line
-10033714.678025095,4671485.775118218,racing_line
-10033714.775766514,4671485.99327386,racing_line
-10033714.534577519,4671486.267301495,racing_line
-10033714.57574483,4671486.49417775,racing_line
-10033714.618089406,4671486.720463315,racing_line
-10033714.834489064,4671486.916148845,racing_line
-10033714.880688056,4671487.1406416865,racing_line
-10033714.753958588,4671487.394070894,racing_line
-10033714.802163836,4671487.616694139,racing_line
-10033714.851494486,4671487.838470871,racing_line
-10033714.90162066,4671488.0595512595,racing_line
-10033714.95218943,4671488.28012143,racing_line
-10033715.002869133,4671488.500397378,racing_line
-10033715.053382207,4671488.720625774,racing_line
-10033714.847063331,4671489.0012708,racing_line
-10033714.625633612,4671489.26371699,racing_line
-10033714.661621384,4671489.486202624,racing_line
-10033715.231667802,4671489.60994252,racing_line
-10033715.270124238,4671489.836216044,racing_line
-10033715.309468057,4671490.064292528,racing_line
-10033715.34991039,4671490.294344665,racing_line
-10033715.391801331,4671490.526458332,racing_line
-10033715.658879045,4671490.718353637,racing_line
-10033715.787670143,4671490.941233733,racing_line
-10033715.916769309,4671491.168592493,racing_line
-10033714.947850635,4671491.60429688,racing_line
-10033714.88664989,4671491.866732092,racing_line
-10033714.976378165,4671492.068865341,racing_line
-10033715.154608306,4671492.268470762,racing_line
-10033715.528541073,4671492.474222657,racing_line
-10033715.761115436,4671492.696971492,racing_line
-10033715.972952196,4671492.892029071,racing_line
-10033716.064813076,4671493.12024078,racing_line
-10033716.117803663,4671493.360047823,racing_line
-10033716.140586799,4671493.608363208,racing_line
-10033716.144906342,4671493.863108592,racing_line
-10033716.15310049,4671494.113539261,racing_line
-10033716.191389065,4671494.356255881,racing_line
-10033715.527211614,4671494.654003021,racing_line
-10033716.351449087,4671494.849764795,racing_line
-10033716.43879437,4671495.096144768,racing_line
-10033716.450017065,4671495.353373532,racing_line
-10033716.468880463,4671495.608313472,racing_line
-10033716.476443881,4671495.86361563,racing_line
-10033716.308614388,4671496.14135255,racing_line
-10033716.362587193,4671496.388215939,racing_line
-10033716.417508459,4671496.634446291,racing_line
-10033716.472727884,4671496.880223892,racing_line
-10033716.527660929,4671497.125735188,racing_line
-10033716.581853637,4671497.371158287,racing_line
-10033716.441327302,4671497.664766326,racing_line
-10033716.314194506,4671497.951429635,racing_line
-10033716.290782245,4671498.1987265665,racing_line
-10033716.290537931,4671498.449179727,racing_line
-10033716.315885572,4671498.685596649,racing_line
-10033716.846452916,4671498.861747939,racing_line
-10033716.877794694,4671499.116309351,racing_line
-10033716.909614546,4671499.372523185,racing_line
-10033716.94214014,4671499.630374516,racing_line
-10033716.975597972,4671499.88976098,racing_line
-10033717.01015824,4671500.1505246535,racing_line
-10033717.045903858,4671500.412477498,racing_line
-10033717.082836721,4671500.6754123345,racing_line
